Redirect from,Redirect to
/products/womens-knitting-short-sleeved-cardigan?variant=46886622134570&currency=USD,https://www.bigcart.us/
/products/mens-fashion-trend-casual-striped-short-sleeve-shirt-1?variant=45524583416106&currency=USD,https://www.bigcart.us/
/products/womens-cable-knit-relaxed-cardigan?variant=45534955340074&currency=USD,https://www.bigcart.us/
/products/mens-polo-shirt-short-sleeve-button-t-shirt-top,https://www.bigcart.us/
/products/womens-baiyun-knitted-cardigan-sweater?pr_prod_strat=e5_desc&pr_rec_id=52dc673b3&pr_rec_pid=8714107781418&pr_ref_pid=8714108338474&pr_seq=uniform,https://www.bigcart.us/
/products/mens-color-block-short-sleeve-quarter-zip-polo,https://www.bigcart.us/
/products/popular-jewelry-ring-jewelry-snake-shaped-love-ins-style-five-piece-ring-female?pr_prod_strat=e5_desc&pr_rec_id=e9b468fdc&pr_rec_pid=8386614427946&pr_ref_pid=8386618589482&pr_seq=uniform,https://www.bigcart.us/
/products/womens-lace-floral-pullover-round-neck-loose-one-shoulder-lace-shirt?variant=45534042095914&currency=USD,https://www.bigcart.us/
/products/mens-fashion-versatile-long-sleeve-shirts-1,https://www.bigcart.us/
/products/womens-new-v-neck-hollow-out-loose-casual-t-shirt-tops,https://www.bigcart.us/
/products/womens-loose-knitted-sweaters-european-and-american-round-neck-fashionable-pullover-sweaters?pr_prod_strat=e5_desc&pr_rec_id=8985fde61&pr_rec_pid=8713935683882&pr_ref_pid=8713934602538&pr_seq=uniform,https://www.bigcart.us/
/products/sexy-v-neck-hollow-backless-hem-slit-sleeveless-dress-bikini-knit-cover-up?pr_prod_strat=e5_desc&pr_rec_id=869ff595b&pr_rec_pid=8386536440106&pr_ref_pid=8386540437802&pr_seq=uniform,https://www.bigcart.us/
/products/womens-new-york-cotton-graphic-tee,https://www.bigcart.us/
/products/ladies-fashion-casual-polo-collar-top,https://www.bigcart.us/
/products/womans-spring-and-summer-new-fashion-craft-tube-top-sexy-trailing-dress?pr_prod_strat=use_description&pr_rec_id=6aa0897f4&pr_rec_pid=8384203620650&pr_ref_pid=8384203915562&pr_seq=uniform,https://www.bigcart.us/
/products/temperament-alloy-irregular-gold-edging-ring-retro-personality-all-match-hand-jewelry?pr_prod_strat=e5_desc&pr_rec_id=e9b468fdc&pr_rec_pid=8386617835818&pr_ref_pid=8386618589482&pr_seq=uniform,https://www.bigcart.us/
/products/womens-side-tie-polka-dot-print-swim-top-and-bottom-bikini-set?pr_prod_strat=use_description&pr_rec_id=bf27affa9&pr_rec_pid=8386579497258&pr_ref_pid=8386577367338&pr_seq=uniform,https://www.bigcart.us/
/products/mens-new-jacket-plaid-shoulder-strap-double-breasted-belt-trench-coat,https://www.bigcart.us/
/products/womens-jeans-fashion-wash-ripped-wide-leg-pants-denim-trousers?pr_prod_strat=e5_desc&pr_rec_id=36e6f8b6c&pr_rec_pid=8717003948330&pr_ref_pid=8384337051946&pr_seq=uniform,https://www.bigcart.us/
/blogs/embracing-timeless-fashion,https://www.bigcart.us/
/products/sling-lace-square-collar-button-vest-design-casual-all-match-solid-color-top?pr_prod_strat=e5_desc&pr_rec_id=6b07600c4&pr_rec_pid=8949268021546&pr_ref_pid=8949268119850&pr_seq=uniform,https://www.bigcart.us/
/products/solid-color-patch-pocket-fashion-jumpsuit-v-neck-overalls-wide-leg-trousers,https://www.bigcart.us/
/products/womens-solid-color-chin-detail-bikini-top-with-matching-chain-tie-bottom?pr_prod_strat=use_description&pr_rec_id=bf27affa9&pr_rec_pid=8386579169578&pr_ref_pid=8386577367338&pr_seq=uniform,https://www.bigcart.us/
/products/mens-solid-color-drawstring-waist-linen-pants?pr_prod_strat=use_description&pr_rec_id=9769aa95e&pr_rec_pid=8383002214698&pr_ref_pid=8384338493738&pr_seq=uniform,https://www.bigcart.us/
/products/sexy-slim-backless-halter-neck-lace-up-hip-satin-dress,https://www.bigcart.us/
/products/womens-fashion-ruffle-neck-off-shoulder-solid-color-flared-sleeve-top,https://www.bigcart.us/
/products/new-womens-casual-loose-ruffled-tie-chiffon-shirt-top?pr_prod_strat=use_description&pr_rec_id=dcd07c71f&pr_rec_pid=8383914148138&pr_ref_pid=8714203726122&pr_seq=uniform,https://www.bigcart.us/
/products/women-s-sparkly-backless-mini-dress-with-back-tie-cross-halter-straps?pr_prod_strat=collection_fallback&pr_rec_id=f86ae9707&pr_rec_pid=8714137239850&pr_ref_pid=8822879748394&pr_seq=uniform,https://www.bigcart.us/
/products/womens-high-waist-drape-casual-flower-bud-waist-linen-mopping-pants,https://www.bigcart.us/
/products/womens-mid-waist-washed-bootstrap-denim-trousers-casual-pants,https://www.bigcart.us/
/products/new-style-color-matching-long-knitted-bottoming-sweater-skirt,https://www.bigcart.us/
/products/womens-ultra-short-sexy-cropped-navel-bow-round-neck-short-sleeve-t-shirt-top?pr_prod_strat=e5_desc&pr_rec_id=5fda812ae&pr_rec_pid=8383886033194&pr_ref_pid=8383875154218&pr_seq=uniform,https://www.bigcart.us/
/products/womens-leopard-rabbit-graphic-print-short-sleeve-t-shirt-1,https://www.bigcart.us/
/products/womens-v-neck-rhombus-hollow-casual-knitted-sweater-vest,https://www.bigcart.us/
/products/womens-raw-bud-denim-elastic-waist-shorts,https://www.bigcart.us/
/products/womans-spring-and-summer-new-fashion-craft-leak-back-sexy-bag-hip-slit-dress?pr_prod_strat=use_description&pr_rec_id=6aa0897f4&pr_rec_pid=8384203653418&pr_ref_pid=8384203915562&pr_seq=uniform,https://www.bigcart.us/
/products/ladies-colorblock-zip-fly-straight-leg-denim-trousers,https://www.bigcart.us/
/products/womens-casual-belt-vest-wool-skirt-knitted-dress,https://www.bigcart.us/
/products/womens-christmas-flower-snowflake-socks?pr_prod_strat=use_description&pr_rec_id=d06475ae7&pr_rec_pid=8386613313834&pr_ref_pid=8386618130730&pr_seq=uniform,https://www.bigcart.us/
/products/womens-high-waist-leopard-pocket-ripped-denim-shorts,https://www.bigcart.us/
/products/new-trendy-and-interesting-pattern-breathable-socks,https://www.bigcart.us/
/products/womens-retro-rolled-high-waist-ripped-denim-shorts,https://www.bigcart.us/
/products/womens-irregularly-ripped-denim-trousers?pr_prod_strat=e5_desc&pr_rec_id=a11686b20&pr_rec_pid=8717002572074&pr_ref_pid=8717006176554&pr_seq=uniform,https://www.bigcart.us/
/products/womens-ripped-fringe-foot-washed-denim-shorts,https://www.bigcart.us/
/products/women-s-heart-print-sweater-with-mock-crew-neckline-and-dropped-shoulders?pr_prod_strat=use_description&pr_rec_id=e24ed8882&pr_rec_pid=8713929687338&pr_ref_pid=8384066486570&pr_seq=uniform,https://www.bigcart.us/
/products/sleeveless-knitted-bottoming-tank-top?pr_prod_strat=e5_desc&pr_rec_id=89f8aabda&pr_rec_pid=8951189963050&pr_ref_pid=8383969853738&pr_seq=uniform,https://www.bigcart.us/
/products/womens-fringe-ripped-denim-shorts?pr_prod_strat=e5_desc&pr_rec_id=b2dcaf0af&pr_rec_pid=8717036060970&pr_ref_pid=8717036618026&pr_seq=uniform,https://www.bigcart.us/
/products/women-s-lace-splicing-v-neck-swiss-dot-short-sleeve-top-1?pr_prod_strat=e5_desc&pr_rec_id=a15662047&pr_rec_pid=8949760393514&pr_ref_pid=8714194845994&pr_seq=uniform,https://www.bigcart.us/
/products/womens-quick-drying-tight-seamless-backless-camisole-shorts-yoga-suit,https://www.bigcart.us/
/products/new-denim-vest-multi-pocket-personality-washable-vest-for-women?pr_prod_strat=use_description&pr_rec_id=332e553ef&pr_rec_pid=8383876104490&pr_ref_pid=8384335970602&pr_seq=uniform,https://www.bigcart.us/
/products/womens-ripped-denim-bermuda-shorts?pr_prod_strat=e5_desc&pr_rec_id=145e8f262&pr_rec_pid=8717036028202&pr_ref_pid=8384335970602&pr_seq=uniform,https://www.bigcart.us/
/products/women-s-crop-button-closures-crew-neckline-sweater-top?pr_prod_strat=use_description&pr_rec_id=288692580&pr_rec_pid=8383857000746&pr_ref_pid=8713932439850&pr_seq=uniform,https://www.bigcart.us/
/products/womens-color-belted-high-waist-utility-cargo-pants?pr_prod_strat=use_description&pr_rec_id=9769aa95e&pr_rec_pid=8384334201130&pr_ref_pid=8384338493738&pr_seq=uniform,https://www.bigcart.us/
/products/womens-baiyun-knitted-cardigan-sweater?pr_prod_strat=e5_desc&pr_rec_id=703c08934&pr_rec_pid=8714107781418&pr_ref_pid=8714108928298&pr_seq=uniform,https://www.bigcart.us/
/products/women-s-knit-v-neckline-hood-detail-long-sleeve-ribbed-trimming-sweater-jacket?pr_prod_strat=e5_desc&pr_rec_id=702d7de4c&pr_rec_pid=8384092668202&pr_ref_pid=8713930309930&pr_seq=uniform,https://www.bigcart.us/
/products/womens-knitted-solid-color-pleated-puff-sleeve-design-short-sleeved-t-shirt?pr_prod_strat=use_description&pr_rec_id=26835854a&pr_rec_pid=8716735021354&pr_ref_pid=8383852609834&pr_seq=uniform,https://www.bigcart.us/
/products/women-s-loose-fit-button-up-floral-blouse-with-folded-collar-and-ruffle-scrunched-sleeves?pr_prod_strat=e5_desc&pr_rec_id=3aac3f602&pr_rec_pid=8383911493930&pr_ref_pid=8383906677034&pr_seq=uniform,https://www.bigcart.us/
/products/women-s-mont-blanc-long-sleeve-button-top-front-sweater-mini-dress?pr_prod_strat=e5_desc&pr_rec_id=325e092ea&pr_rec_pid=8384211386666&pr_ref_pid=8384209486122&pr_seq=uniform,https://www.bigcart.us/
/products/womens-v-neck-lace-patchwork-solid-color-tie-loose-long-sleeve-chiffon-shirt?pr_prod_strat=e5_desc&pr_rec_id=a15662047&pr_rec_pid=8714185867562&pr_ref_pid=8714194845994&pr_seq=uniform,https://www.bigcart.us/
/products/high-waist-ripped-ladies-denim-shorts-washed-tassel-sexy-slim-slim-hot-pants?pr_prod_strat=e5_desc&pr_rec_id=145e8f262&pr_rec_pid=8717036618026&pr_ref_pid=8384335970602&pr_seq=uniform,https://www.bigcart.us/
/products/womens-printed-corset-crop-top-with-matching-waist-tie-pants?pr_prod_strat=e5_desc&pr_rec_id=22fc297bd&pr_rec_pid=8384297206058&pr_ref_pid=8384301236522&pr_seq=uniform,https://www.bigcart.us/
/products/fashionable-and-sexy-suspender-sequined-bow-contrast-dress?variant=46886811566378&currency=USD,https://www.bigcart.us/
/products/new-mens-short-sleeve-t-shirt-cotton-linen-tie-collar-casual-mens-t-shirt-shirt-1,https://www.bigcart.us/
/products/fashion-versatile-round-tag-personality-simple-multi-layer-bead-necklace-for-women?pr_prod_strat=use_description&pr_rec_id=e6f8b7d73&pr_rec_pid=8386618261802&pr_ref_pid=8386618589482&pr_seq=uniform,https://www.bigcart.us/
/products/new-long-sleeve-pullover-floral-pullover-sweater?variant=46885581095210&currency=USD,https://www.bigcart.us/
/products/womans-spring-and-summer-new-fashion-craft-tube-top-sexy-trailing-dress?pr_prod_strat=e5_desc&pr_rec_id=31f0101ef&pr_rec_pid=8384203620650&pr_ref_pid=8384203915562&pr_seq=uniform,https://www.bigcart.us/
/products/womens-floral-long-sleeve-blouse?pr_prod_strat=collection_fallback&pr_rec_id=68ecb1020&pr_rec_pid=8714220011818&pr_ref_pid=8714186686762&pr_seq=uniform,https://www.bigcart.us/
/products/womens-leopard-tie-dye-long-sleeve-shirt,https://www.bigcart.us/
/products/women-s-solid-color-cozy-cable-knit-tank-top,https://www.bigcart.us/
/products/womens-casual-fleece-leggings-sweatpants?pr_prod_strat=use_description&pr_rec_id=745d30e0c&pr_rec_pid=8716884508970&pr_ref_pid=8384223543594&pr_seq=uniform,https://www.bigcart.us/
/products/stripe-panel-long-sleeve-loose-t-shirt,https://www.bigcart.us/
/products/mens-knitted-casual-sports-round-neck-short-sleeved-quick-drying-t-shirt?pr_prod_strat=e5_desc&pr_rec_id=501b77e45&pr_rec_pid=8382512759082&pr_ref_pid=8951244063018&pr_seq=uniform,https://www.bigcart.us/
/products/womens-high-waist-butt-lift-yoga-pants,https://www.bigcart.us/
/products/womens-fashion-chiffon-patchwork-top?pr_prod_strat=e5_desc&pr_rec_id=c8e2e33cd&pr_rec_pid=8714187473194&pr_ref_pid=8714215424298&pr_seq=uniform,https://www.bigcart.us/
/products/new-oval-spiral-earrings-exaggerated-swirl-gear-heart-shape-vintage-ear-jewelry?pr_prod_strat=e5_desc&pr_rec_id=0278874c5&pr_rec_pid=8386617377066&pr_ref_pid=8386617835818&pr_seq=uniform,https://www.bigcart.us/
/products/womens-printed-ruffle-short-sleeve-v-neck-top,https://www.bigcart.us/
/products/womens-straight-neck-off-shoulder-hollow-out-fried-dough-twist-casual-knitted-sweater?pr_prod_strat=e5_desc&pr_rec_id=bbbe5f888&pr_rec_pid=8713899540778&pr_ref_pid=8384061112618&pr_seq=uniform,https://www.bigcart.us/
/products/men-s-casual-long-sleeve-white-linen-button-down-with-collar-and-long-sleeves-1?pr_prod_strat=use_description&pr_rec_id=15fb5af85&pr_rec_pid=8382145855786&pr_ref_pid=8383856443690&pr_seq=uniform,https://www.bigcart.us/
/products/womens-solid-color-button-detail-puff-sleeve-knit-top,https://www.bigcart.us/
/products/womens-seamless-tie-dye-sports-yoga-short-sleeved-trousers-two-piece-suit?pr_prod_strat=e5_desc&pr_rec_id=64b315670&pr_rec_pid=8716978716970&pr_ref_pid=8716978880810&pr_seq=uniform,https://www.bigcart.us/
/products/women-s-scoop-neckline-drop-shoulders-star-print-long-sleeves-sweater,https://www.bigcart.us/
/products/womens-media-striped-leopard-print-t-shirt?pr_prod_strat=e5_desc&pr_rec_id=d35c73192&pr_rec_pid=8383887114538&pr_ref_pid=8383881576746&pr_seq=uniform,https://www.bigcart.us/
/products/plus-size-v-neck-long-sleeved-chiffon-dress,https://www.bigcart.us/
/products/women-s-solid-color-in-mock-neck-with-smocked-cuff-ruched-long-sleeve-blouse?pr_prod_strat=use_description&pr_rec_id=8c7d8f828&pr_rec_pid=8383910641962&pr_ref_pid=8383857000746&pr_seq=uniform,https://www.bigcart.us/
/products/lace-up-french-niche-color-block-floral-sling-dress-with-wooden-ears?pr_prod_strat=e5_desc&pr_rec_id=743be4860&pr_rec_pid=8949268381994&pr_ref_pid=8949267792170&pr_seq=uniform,https://www.bigcart.us/
/products/womens-clothing-fashion-casual-knit-tops-1,https://www.bigcart.us/
/products/womens-drop-shoulder-sleeve-twist-mid-length-coat,https://www.bigcart.us/
/products/womens-quick-drying-high-waisted-peach-hip-seamless-knit-short-sleeved-shorts-two-piece-set?pr_prod_strat=e5_desc&pr_rec_id=64b315670&pr_rec_pid=8716978585898&pr_ref_pid=8716978880810&pr_seq=uniform,https://www.bigcart.us/
/products/womens-solid-color-knitted-mock-neck-crop-top-matching-shorts-set?pr_prod_strat=e5_desc&pr_rec_id=86a52cd10&pr_rec_pid=8716978389290&pr_ref_pid=8716977733930&pr_seq=uniform,https://www.bigcart.us/
/products/womens-solid-color-open-back-round-neck-sleeveless-sports-tank-top?pr_prod_strat=e5_desc&pr_rec_id=dad2128c6&pr_rec_pid=8716977733930&pr_ref_pid=8716978258218&pr_seq=uniform,https://www.bigcart.us/
/products/mens-solid-color-thin-short-sleeve-lapel-collar-simple-casual-shirt-1?pr_prod_strat=e5_desc&pr_rec_id=cfa39d8a7&pr_rec_pid=8382146707754&pr_ref_pid=8382954668330&pr_seq=uniform,https://www.bigcart.us/
/products/women-s-pullover-turtleneck-sweater,https://www.bigcart.us/
/products/fashion-temperament-loose-slim-printed-shirt-womens-round-neck-long-sleeved-top?pr_prod_strat=use_description&pr_rec_id=03edfea45&pr_rec_pid=8714193764650&pr_ref_pid=8383854149930&pr_seq=uniform,https://www.bigcart.us/
/products/womens-printed-bikini-split-swimsuit?pr_prod_strat=e5_desc&pr_rec_id=d70e75351&pr_rec_pid=8386577826090&pr_ref_pid=8949271789866&pr_seq=uniform,https://www.bigcart.us/
/products/womens-round-neck-loose-diamond-knit-sweater,https://www.bigcart.us/
/products/womens-autumn-and-winter-yoga-pants-high-waist-hip-raise-tie-dye-printed-ninth-pants?pr_prod_strat=e5_desc&pr_rec_id=4329312ba&pr_rec_pid=8716972622122&pr_ref_pid=8716979667242&pr_seq=uniform,https://www.bigcart.us/
/products/patchwork-see-through-sexy-ladies-dress,https://www.bigcart.us/
/products/new-sexy-suspender-leaking-back-square-neck-solid-color-hip-hugging-gold-silk-slit-dress?pr_prod_strat=use_description&pr_rec_id=a2b6ece19&pr_rec_pid=8714133274922&pr_ref_pid=8714133733674&pr_seq=uniform,https://www.bigcart.us/
/products/womens-casual-stripe-soft-and-comfortable-warm-top,https://www.bigcart.us/
/products/sports-tight-fitness-high-waist-ninth-pants-yoga-pants-with-pockets-1?pr_prod_strat=e5_desc&pr_rec_id=4329312ba&pr_rec_pid=8716979306794&pr_ref_pid=8716979667242&pr_seq=uniform,https://www.bigcart.us/
/products/women-s-hoodie-long-sleeve-with-bow-tie-design-sweater,https://www.bigcart.us/
/products/women-s-drawstring-hood-with-v-neck-solid-color-shirt-hoodie-mix-with-plaid-print,https://www.bigcart.us/
/products/mens-polo-shirt-houndstooth-short-sleeve-lapel-t-shirt-casual-fit-tops?pr_prod_strat=use_description&pr_rec_id=896edc5f7&pr_rec_pid=8382605525290&pr_ref_pid=8382684463402&pr_seq=uniform,https://www.bigcart.us/
/products/womens-new-floral-print-hot-spring-swimsuit-split-sexy-tube-top-beach-bikini?pr_prod_strat=e5_desc&pr_rec_id=d70e75351&pr_rec_pid=8949274673450&pr_ref_pid=8949271789866&pr_seq=uniform,https://www.bigcart.us/
/products/womens-leopard-and-floral-print-hoodie?pr_prod_strat=e5_desc&pr_rec_id=707ebc099&pr_rec_pid=8713808019754&pr_ref_pid=8713799598378&pr_seq=uniform,https://www.bigcart.us/
/products/retro-sequin-fringe-skirt-toast-dress-dress-party-dance-party-holiday-dress,https://www.bigcart.us/
/products/womens-fashion-jacquard-sweater-top?pr_prod_strat=e5_desc&pr_rec_id=1e0823363&pr_rec_pid=8714187342122&pr_ref_pid=8383926796586&pr_seq=uniform,https://www.bigcart.us/
/products/womens-stripe-stretch-poplin-button-up-shirt,https://www.bigcart.us/
/products/womens-autumn-and-winter-yoga-pants-high-waist-hip-raise-tie-dye-printed-ninth-pants?pr_prod_strat=e5_desc&pr_rec_id=6cc9260d1&pr_rec_pid=8716972622122&pr_ref_pid=8716979208490&pr_seq=uniform,https://www.bigcart.us/
/products/womens-v-neck-solid-color-single-breasted-ladies-casual-t-shirt-top?pr_prod_strat=e5_desc&pr_rec_id=1e0823363&pr_rec_pid=8714187735338&pr_ref_pid=8383926796586&pr_seq=uniform,https://www.bigcart.us/
/products/new-autumn-and-winter-casual-solid-color-twist-long-sleeved-pullover-sweater?pr_prod_strat=e5_desc&pr_rec_id=9ae6eee8e&pr_rec_pid=8713937715498&pr_ref_pid=8713934930218&pr_seq=uniform,https://www.bigcart.us/
/products/new-autumn-and-winter-plush-bunny-ears-hooded-warm-sweater?variant=46885095342378&currency=USD,https://www.bigcart.us/
/products/mens-solid-color-mandarin-collar-linen-button-up-shirt?variant=45524601930026&currency=USD,https://www.bigcart.us/
/products/mens-solid-color-thin-short-sleeve-lapel-collar-simple-casual-shirt-1?pr_prod_strat=use_description&pr_rec_id=896edc5f7&pr_rec_pid=8382146707754&pr_ref_pid=8382684463402&pr_seq=uniform,https://www.bigcart.us/
/products/summer-mens-short-sleeve-mens-t-shirt-henley-collar-slim-fit-mens-clothing?pr_prod_strat=e5_desc&pr_rec_id=3756b1753&pr_rec_pid=8382511644970&pr_ref_pid=8382147461418&pr_seq=uniform,https://www.bigcart.us/
/products/womens-contrast-panel-shredded-loose-knit-sweater,https://www.bigcart.us/
/products/mens-retro-geometric-print-sweatshirts?pr_prod_strat=e5_desc&pr_rec_id=9c3d6ef2d&pr_rec_pid=8382679580970&pr_ref_pid=8382680334634&pr_seq=uniform,https://www.bigcart.us/
/products/womens-loose-solid-color-long-sleeve-casual-suit-1?variant=45536525451562&currency=USD,https://www.bigcart.us/
/products/womens-casual-suit-loose-solid-color-shirt-trousers-two-piece-set-1?pr_prod_strat=e5_desc&pr_rec_id=c7dddfeb9&pr_rec_pid=8384299401514&pr_ref_pid=8384297304362&pr_seq=uniform,https://www.bigcart.us/
/products/womens-solid-color-halter-neckline-cutout-waist-jersey-grown,https://www.bigcart.us/
/products/womens-fashion-hanging-neck-solid-color-slim-package-hip-dress,https://www.bigcart.us/
/products/womens-seamless-tie-dye-sports-yoga-short-sleeved-trousers-two-piece-suit?pr_prod_strat=e5_desc&pr_rec_id=f27a86a57&pr_rec_pid=8716978716970&pr_ref_pid=8716978553130&pr_seq=uniform,https://www.bigcart.us/
/products/womens-ripped-cutoff-denim-shorts?pr_prod_strat=e5_desc&pr_rec_id=7d45e6aa2&pr_rec_pid=8717035209002&pr_ref_pid=8717035536682&pr_seq=uniform,https://www.bigcart.us/
/products/womens-solid-color-crewneck-waist-tie-belt-this-short-sleeve-jumpsuit-pants?pr_prod_strat=e5_desc&pr_rec_id=7411f1dfe&pr_rec_pid=8384383156522&pr_ref_pid=8384366608682&pr_seq=uniform,https://www.bigcart.us/
/products/womens-casual-dolman-long-sleeve-solid-color-shirt,https://www.bigcart.us/
/products/womens-fringe-ripped-denim-shorts?pr_prod_strat=e5_desc&pr_rec_id=7d45e6aa2&pr_rec_pid=8717036060970&pr_ref_pid=8717035536682&pr_seq=uniform,https://www.bigcart.us/
/products/deep-v-neck-wrinkled-fungus-trimmed-hip-mini-dress,https://www.bigcart.us/
/products/womens-new-red-v-neck-long-sleeve-solid-color-shirt-top?pr_prod_strat=e5_desc&pr_rec_id=256f2a6c7&pr_rec_pid=8714207068458&pr_ref_pid=8714202808618&pr_seq=uniform,https://www.bigcart.us/
/products/summer-new-european-and-american-fashion-top-casual-simple-white-shirt?pr_prod_strat=e5_desc&pr_rec_id=f00cfcb44&pr_rec_pid=8949758460202&pr_ref_pid=8949755314474&pr_seq=uniform,https://www.bigcart.us/
/products/mens-solid-color-linen-pants?pr_prod_strat=e5_desc&pr_rec_id=ab0ccd86b&pr_rec_pid=8382999429418&pr_ref_pid=8383000248618&pr_seq=uniform,https://www.bigcart.us/
/products/womens-v-neck-solid-color-single-breasted-ladies-casual-t-shirt-top?pr_prod_strat=e5_desc&pr_rec_id=189782fd7&pr_rec_pid=8714187735338&pr_ref_pid=8383926796586&pr_seq=uniform,https://www.bigcart.us/
/products/new-loose-floral-colorblock-casual-pants?pr_prod_strat=e5_desc&pr_rec_id=6578c4b06&pr_rec_pid=8384219414826&pr_ref_pid=8384222331178&pr_seq=uniform,https://www.bigcart.us/
/products/new-mens-ripped-denim-shorts-cropped-pants?variant=45530324861226&currency=USD,https://www.bigcart.us/
/products/womens-floral-notch-neck-blouse?pr_prod_strat=e5_desc&pr_rec_id=8a1ea9154&pr_rec_pid=8383911985450&pr_ref_pid=8714219323690&pr_seq=uniform,https://www.bigcart.us/
/products/jacquard-outer-wear-sweater-long-sleeve-knitted-jacket-top?variant=45527764992298&currency=USD,https://www.bigcart.us/
/products/womens-casual-suit-loose-solid-color-shirt-trousers-two-piece-set-1?variant=45536478986538&currency=USD,https://www.bigcart.us/
/products/new-woolen-autumn-and-winter-loose-tops-and-jackets?variant=46885096390954&currency=USD,https://www.bigcart.us/
/products/womens-solid-color-polar-fleece-sweatshirt-top-jogger-button-matching-2-piece-set?variant=45536500384042&currency=USD,https://www.bigcart.us/
/products/womens-casual-fashion-all-match-low-waist-multi-pocket-overalls?pr_prod_strat=use_description&pr_rec_id=fd730430e&pr_rec_pid=8384338231594&pr_ref_pid=8384224788778&pr_seq=uniform,https://www.bigcart.us/
/products/womens-woven-lace-v-neck-short-sleeve-loose-chiffon-top?variant=46887437566250&currency=USD,https://www.bigcart.us/
/products/women-s-long-sleeve-lettering-and-graphics-hoodie,https://www.bigcart.us/
/products/womens-high-waist-solid-color-commuter-style-cropped-elastic-pencil-pants?variant=45536224215338&currency=USD,https://www.bigcart.us/
/products/jacquard-outer-wear-sweater-long-sleeve-knitted-jacket-top?variant=45527765811498&currency=USD,https://www.bigcart.us/
/products/womens-printed-ruffle-sleeve-blouse?pr_prod_strat=e5_desc&pr_rec_id=f60cdbd3a&pr_rec_pid=8714220405034&pr_ref_pid=8383904645418&pr_seq=uniform,https://www.bigcart.us/
/products/womens-solid-color-v-neck-knit-tank-top-with-lace-up-bow?variant=45534331306282&currency=USD,https://www.bigcart.us/
/products/womans-autumn-and-winter-new-v-neck-blue-top-irregular-loose-long-sleeved-navel-t-shirt?pr_prod_strat=use_description&pr_rec_id=1694da40d&pr_rec_pid=8716724371754&pr_ref_pid=8383859556650&pr_seq=uniform,https://www.bigcart.us/
/products/womens-solid-color-v-neck-with-ring-hardware-dropped-off-shoulder-sweater?variant=45534409457962&currency=USD,https://www.bigcart.us/
/products/womens-solid-color-crossover-wrap-rib-sweater?variant=46885598691626&currency=USD,https://www.bigcart.us/
/products/womens-solid-color-sequined-halter-tank-top?variant=45534340186410&currency=USD,https://www.bigcart.us/
/products/new-long-sleeve-black-and-white-striped-shirt-top?variant=46887352107306&currency=USD,https://www.bigcart.us/
/products/womens-v-neck-printed-long-sleeved-slim-fit-top?variant=46887414235434&currency=USD,https://www.bigcart.us/
/products/womens-temperament-commuting-solid-color-slanted-shoulder-cross-off-shoulder-slim-fit-top?pr_prod_strat=use_description&pr_rec_id=d6b42e2c3&pr_rec_pid=8384012517674&pr_ref_pid=8384209846570&pr_seq=uniform,https://www.bigcart.us/
/products/mens-solid-color-linen-pants?variant=45529338609962&currency=USD,https://www.bigcart.us/
/products/womens-solid-color-crew-neck-sleeveless-linen-and-cotton-top-with-matching-wide-leg-pants?variant=45536485835050&currency=USD,https://www.bigcart.us/
/products/women-s-polka-dot-print-smocked-long-sleeve-blouse?variant=46887192330538&currency=USD,https://www.bigcart.us/
/products/womens-v-neck-dolman-sleeve-top-with-trim?variant=46887446774058&currency=USD,https://www.bigcart.us/
/products/womens-solid-color-open-front-two-pocket-cardigan?variant=46886582649130&currency=USD,https://www.bigcart.us/
/products/women-s-v-neck-button-front-closures-long-sleeves-cardigan?variant=45534896685354&currency=USD,https://www.bigcart.us/
/products/new-summer-loose-casual-wide-leg-solid-color-trousers?variant=46894367211818&currency=USD,https://www.bigcart.us/
/products/womens-long-style-personalized-fashion-temperament-ol-tongle-knitted-jacket?variant=46885640306986&currency=USD,https://www.bigcart.us/
/products/womens-shirt-collar-single-breasted-belt-shirt-jacket?variant=46887426425130&currency=USD,https://www.bigcart.us/
/products/trendy-ripped-rolled-edge-elastic-high-waist-denim-shorts-womens-hot-pants?pr_prod_strat=e5_desc&pr_rec_id=2fcd39c5a&pr_rec_pid=8717037797674&pr_ref_pid=8717037338922&pr_seq=uniform,https://www.bigcart.us/
/products/spring-and-summer-european-and-american-new-long-sleeved-ruffled-shirt-womens-shirt?variant=45534167007530&currency=USD,https://www.bigcart.us/
/products/womens-solid-color-crew-neck-open-back-crop-t-shirt?variant=45533694460202&currency=USD,https://www.bigcart.us/
/products/mens-belted-double-pocket-cargo-shorts?variant=45529769541930&currency=USD,https://www.bigcart.us/
/products/womens-plush-velvet-button-up-shirt?variant=46887448772906&currency=USD,https://www.bigcart.us/
/products/womens-navel-long-sleeved-strap-tied-v-neck-short-tube-top-top?pr_prod_strat=collection_fallback&pr_rec_id=1296eeecc&pr_rec_pid=8714220208426&pr_ref_pid=8714187014442&pr_seq=uniform,https://www.bigcart.us/
/products/womens-high-waisted-fashion-printed-flounce-skirt?variant=45536378356010&currency=USD,https://www.bigcart.us/
/products/womens-solid-color-short-sleeve-button-front-top?variant=45534058053930&currency=USD,https://www.bigcart.us/
/products/womens-solid-color-crew-neck-open-back-crop-t-shirt?variant=45533694263594&currency=USD,https://www.bigcart.us/
/products/mens-hawaiian-print-short-sleeve-shirt-3,https://www.bigcart.us/
/products/womens-solid-color-cloud-jersey-long-sleeve-v-neck-top?pr_prod_strat=use_description&pr_rec_id=72ba47c8b&pr_rec_pid=8383848481066&pr_ref_pid=8383853658410&pr_seq=uniform,https://www.bigcart.us/
/products/womens-solid-color-cloud-jersey-long-sleeve-v-neck-top?variant=45533647962410&currency=USD,https://www.bigcart.us/
/products/womens-solid-color-crewneck-long-puff-sleeve-waist-tie-jumpsuit-pants?variant=45536985284906&currency=USD,https://www.bigcart.us/
/products/round-neck-lotus-leaf-double-layer-flared-sleeve-short-fashion-top?variant=46887158350122&currency=USD,https://www.bigcart.us/
/products/womens-solid-color-ruffle-rim-waist-tie-jumpsuit?variant=45537157873962&currency=USD,https://www.bigcart.us/
/products/womens-solid-color-long-sleeve-rib-long-sleeve-henley-top?variant=46885595185450&currency=USD,https://www.bigcart.us/
/products/autumn-and-winter-models-cardigan-sweater-in-the-long-jacquard-knitwear-jacket?pr_prod_strat=e5_desc&pr_rec_id=dc532c840&pr_rec_pid=8382844961066&pr_ref_pid=8382836441386&pr_seq=uniform,https://www.bigcart.us/
/products/men-s-solid-color-shawl-collar-button-up-closure-cable-knit-sweater?pr_prod_strat=use_description&pr_rec_id=1cb9c074a&pr_rec_pid=8382955290922&pr_ref_pid=8383160713514&pr_seq=uniform,https://www.bigcart.us/
/products/womens-solid-color-sheer-mesh-long-bell-sleeves-crop-top-with-skirt-set?pr_prod_strat=e5_desc&pr_rec_id=bf1f9c314&pr_rec_pid=8384303628586&pr_ref_pid=8384304087338&pr_seq=uniform,https://www.bigcart.us/
/products/womens-graphic-print-long-sleeve-crewneck-sweatshirt?variant=45535185076522&currency=USD,https://www.bigcart.us/
/products/womens-solid-color-chin-detail-bikini-top-with-matching-chain-tie-bottom?variant=45550113194282&currency=USD,https://www.bigcart.us/
/products/mens-solid-color-waffle-knit-henley?variant=45525505966378&currency=USD,https://www.bigcart.us/
/products/womens-slit-solid-color-mid-length-vest-sweater?variant=46885619663146&currency=USD,https://www.bigcart.us/
/products/womens-solid-color-cold-shoulder-cable-knit-sweater?variant=45534722359594&currency=USD,https://www.bigcart.us/
/products/womens-solid-color-lace-off-shoulder-top-and-raffle-skirt-match-set?pr_prod_strat=e5_desc&pr_rec_id=61288a793&pr_rec_pid=8384304120106&pr_ref_pid=8384303857962&pr_seq=uniform,https://www.bigcart.us/
/products/womens-loose-striped-round-neck-long-sleeve-pullover-sweater?variant=46885573591338&currency=USD,https://www.bigcart.us/
/products/women-s-solid-color-tiered-wide-leg-soft-blend-pants?variant=45536245842218&currency=USD,https://www.bigcart.us/
/products/womens-solid-color-cloud-jersey-long-sleeve-v-neck-top?variant=45533648027946&currency=USD,https://www.bigcart.us/
/products/double-zipper-color-block-hooded-long-sleeved-plus-velvet-sweatshirt?variant=46885030723882&currency=USD,https://www.bigcart.us/
/products/mens-solid-color-dry-sense-short-sleeve-shirt?variant=45525574746410&currency=USD,https://www.bigcart.us/
/products/womens-printed-body-con-midi-dress?variant=45536130072874&currency=USD,https://www.bigcart.us/
/products/womens-heritage-tie-dye-fleece-pants?variant=46894353908010&currency=USD,https://www.bigcart.us/
/products/womens-printed-body-con-midi-dress?variant=45536130138410&currency=USD,https://www.bigcart.us/
/products/womens-graphic-print-long-sleeve-crewneck-sweatshirt?variant=45535185338666&currency=USD,https://www.bigcart.us/
/products/new-elastic-high-waist-seamless-gradient-pants-sports-slimming-tight-yoga-pants?pr_prod_strat=e5_desc&pr_rec_id=49fccd0c3&pr_rec_pid=8716970295594&pr_ref_pid=8716970950954&pr_seq=uniform,https://www.bigcart.us/
/products/mens-camouflage-cargo-pants?pr_prod_strat=use_description&pr_rec_id=36a534ff4&pr_rec_pid=8383001133354&pr_ref_pid=8383047663914&pr_seq=uniform,https://www.bigcart.us/
/products/unisexs-wolf-pattern-hoodie?variant=45526511157546&currency=USD,https://www.bigcart.us/
/products/mens-solid-color-waffle-knit-henley?variant=45525506556202&currency=USD,https://www.bigcart.us/
/products/womens-solid-color-lapel-sexy-off-shoulder-sweater?pr_prod_strat=e5_desc&pr_rec_id=b030ac17a&pr_rec_pid=8713901769002&pr_ref_pid=8384085492010&pr_seq=uniform,https://www.bigcart.us/
/products/mens-solid-color-linen-pants?pr_prod_strat=e5_desc&pr_rec_id=c9c204af1&pr_rec_pid=8382999429418&pr_ref_pid=8382997233962&pr_seq=uniform,https://www.bigcart.us/
/products/womens-fashion-off-shoulder-short-t-shirt?variant=45536535478570&currency=USD,https://www.bigcart.us/
/products/womens-solid-color-off-the-shoulder-chiffon-romper?variant=45537044594986&currency=USD,https://www.bigcart.us/
/products/womens-solid-color-knotty-knot-front-crop-top-and-tight-set?pr_prod_strat=e5_desc&pr_rec_id=0ff45d2af&pr_rec_pid=8716978487594&pr_ref_pid=8716973211946&pr_seq=uniform,https://www.bigcart.us/
/products/womens-heart-front-print-cable-knit-sweater?variant=46885596102954&currency=USD,https://www.bigcart.us/
/products/mens-plaid-classic-overcoat?variant=45530686259498&currency=USD,https://www.bigcart.us/
/products/womens-solid-color-ruched-triangle-bikini-top-with-matching-bikini-bottom?variant=45550103232810&currency=USD,https://www.bigcart.us/
/products/womens-baiyun-knitted-cardigan-sweater?pr_prod_strat=e5_desc&pr_rec_id=eb6d11e3e&pr_rec_pid=8714107781418&pr_ref_pid=8384093225258&pr_seq=uniform,https://www.bigcart.us/
/products/mens-solid-color-rib-shawl-collar-sweater?variant=45527104160042&currency=USD,https://www.bigcart.us/
/products/womens-loose-knitted-zipper-long-sleeve-lapel-cardigan?variant=46886623772970&currency=USD,https://www.bigcart.us/
/products/women-s-sparkly-backless-mini-dress-with-back-tie-cross-halter-straps?pr_prod_strat=e5_desc&pr_rec_id=02f4ee1e8&pr_rec_pid=8714137239850&pr_ref_pid=8714136944938&pr_seq=uniform,https://www.bigcart.us/
/products/womens-solid-color-strapless-wrap-front-tie-cutout-slit-midi-dress?pr_prod_strat=collection_fallback&pr_rec_id=21153df44&pr_rec_pid=8714138026282&pr_ref_pid=8714133045546&pr_seq=uniform,https://www.bigcart.us/
/products/womens-solid-color-strapless-wrap-front-tie-cutout-slit-midi-dress?pr_prod_strat=collection_fallback&pr_rec_id=ac9fe3762&pr_rec_pid=8714138026282&pr_ref_pid=8714132750634&pr_seq=uniform,https://www.bigcart.us/
/products/slit-beaded-stitching-slim-high-waist-stretch-jeans-womens-trousers?pr_prod_strat=e5_desc&pr_rec_id=ad497ac89&pr_rec_pid=8384338002218&pr_ref_pid=8384336822570&pr_seq=uniform,https://www.bigcart.us/
/products/summer-solid-color-round-neck-short-sleeve-simple-cotton-linen-shirt-men-1?pr_prod_strat=e5_desc&pr_rec_id=de215c71a&pr_rec_pid=8382146511146&pr_ref_pid=8382146609450&pr_seq=uniform,https://www.bigcart.us/
/products/womens-new-style-elegant-solid-color-v-neck-long-sleeved-sweater-dress?pr_prod_strat=e5_desc&pr_rec_id=ae1494484&pr_rec_pid=8806945849642&pr_ref_pid=8384210174250&pr_seq=uniform,https://www.bigcart.us/
/products/mens-spring-summer-fashion-basic-solid-color-polo-shirt?pr_prod_strat=use_description&pr_rec_id=527baf1d1&pr_rec_pid=8382600773930&pr_ref_pid=8382153785642&pr_seq=uniform,https://www.bigcart.us/
/products/womens-solid-color-waffle-knit-long-sleeve-top-and-pants-sets?pr_prod_strat=e5_desc&pr_rec_id=13baec50a&pr_rec_pid=8384301924650&pr_ref_pid=8384300777770&pr_seq=uniform,https://www.bigcart.us/
/products/mens-patches-slim-straight-leg-jeans?variant=45530328301866&currency=USD,https://www.bigcart.us/
/products/new-casual-color-contrast-button-long-sleeved-sweater-cardigan-jacket?variant=46886616334634&currency=USD,https://www.bigcart.us/
/products/men-s-solid-color-stand-collar-front-button-closure-waffle-knit-cardigan?pr_prod_strat=use_description&pr_rec_id=a38a074ab&pr_rec_pid=8382955061546&pr_ref_pid=8382955290922&pr_seq=uniform,https://www.bigcart.us/
/products/womens-deep-v-neck-slit-pleated-cocktail-dress?variant=45535894241578&currency=USD,https://www.bigcart.us/
/products/womens-solid-color-hoop-sexy-bikini-sets?variant=45550098612522&currency=USD,https://www.bigcart.us/
/products/mens-short-sleeve-henley-round-neck-slim-fit-athletic-t-shirt-1?pr_prod_strat=e5_desc&pr_rec_id=d6565abc1&pr_rec_pid=8951245013290&pr_ref_pid=8382512759082&pr_seq=uniform,https://www.bigcart.us/
/products/women-s-elegant-block-striped-loose-fit-sweater-dress-with-high-collar?pr_prod_strat=e5_desc&pr_rec_id=a1c42c7ee&pr_rec_pid=8384211058986&pr_ref_pid=8717014466858&pr_seq=uniform,https://www.bigcart.us/
/products/womens-solid-color-v-neck-jacquard-pom-pom-short-sleeve-top?pr_prod_strat=use_description&pr_rec_id=c583a2f95&pr_rec_pid=8714197991722&pr_ref_pid=8383971492138&pr_seq=uniform,https://www.bigcart.us/
/products/womens-solid-color-swim-shorts?pr_prod_strat=e5_desc&pr_rec_id=c4af89d1a&pr_rec_pid=8383050940714&pr_ref_pid=8383048057130&pr_seq=uniform,https://www.bigcart.us/
/products/womens-media-tie-dye-print-halter-neck-two-piece-swimsuit-set?variant=45549439123754&currency=USD,https://www.bigcart.us/
/products/womens-color-stripe-quarter-zip-pullover-rib-sweater,https://www.bigcart.us/
/products/womens-solid-color-rip-distressed-hem-rib-knit-sweater-mini-dress?variant=45536138821930&currency=USD,https://www.bigcart.us/
/products/womens-hooded-single-breasted-long-sleeved-sweater-cardigan?variant=46886632522026&currency=USD,https://www.bigcart.us/
/products/womens-solid-color-ribbed-mock-neck-cape?variant=46885590008106&currency=USD,https://www.bigcart.us/
/products/pleated-ruffle-high-waisted-hip-fishtail-half-body-skirt?pr_prod_strat=use_description&pr_rec_id=1b58ae323&pr_rec_pid=8384243433770&pr_ref_pid=8384245498154&pr_seq=uniform,https://www.bigcart.us/
/products/womens-tie-dyed-tie-front-off-the-shoulder-top?variant=46887244923178&currency=USD,https://www.bigcart.us/
/products/womens-solid-color-ruched-cutout-one-shoulder-minidress?variant=45535918326058&currency=USD,https://www.bigcart.us/
/products/women-s-v-neck-leopard-printed-open-front-long-sleeves-cardigan?variant=45534876533034&currency=USD,https://www.bigcart.us/
/products/womens-solid-color-zip-rib-long-sleeve-polo-top?variant=45535166988586&currency=USD,https://www.bigcart.us/
/products/womens-long-color-block-striped-cardigan?variant=46886630359338&currency=USD,https://www.bigcart.us/
/products/womens-christmas-striped-two-tone-stockings,https://www.bigcart.us/
/products/womens-solid-color-gold-button-long-sleeve-the-shoulder-knit-top?pr_prod_strat=e5_desc&pr_rec_id=cd99aa840&pr_rec_pid=8716732727594&pr_ref_pid=8716798558506&pr_seq=uniform,https://www.bigcart.us/
/products/women-s-lightweight-sheer-collared-button-down-blouse-with-minimalistic-design?variant=46887188791594&currency=USD,https://www.bigcart.us/
/products/womens-off-the-shoulder-ruched-sheath-mini-dress?variant=45535866093866&currency=USD,https://www.bigcart.us/
/products/womens-simple-solid-color-casual-long-sleeve-shirt?variant=46887263240490&currency=USD,https://www.bigcart.us/
/products/new-mens-short-sleeve-t-shirt-cotton-linen-tie-collar-casual-mens-t-shirt-shirt-1?pr_prod_strat=use_description&pr_rec_id=a54dae7b5&pr_rec_pid=8382147461418&pr_ref_pid=8382154080554&pr_seq=uniform,https://www.bigcart.us/
/products/womens-solid-color-drawstring-frayed-hem-shorts?variant=45536184336682&currency=USD,https://www.bigcart.us/
/products/womens-solid-color-lace-off-shoulder-top-and-raffle-skirt-match-set?pr_prod_strat=e5_desc&pr_rec_id=dd08b67a8&pr_rec_pid=8384304120106&pr_ref_pid=8384293470506&pr_seq=uniform,https://www.bigcart.us/
/products/new-sexy-v-neck-suspender-feather-stitching-gown-dress?variant=46886784631082&currency=USD,https://www.bigcart.us/
/products/womens-solid-color-crew-neck-sleeveless-linen-and-cotton-top-with-matching-wide-leg-pants?pr_prod_strat=e5_desc&pr_rec_id=bcb28de97&pr_rec_pid=8384299958570&pr_ref_pid=8384300712234&pr_seq=uniform,https://www.bigcart.us/
/products/womens-beautiful-back-high-waist-peach-hip-seamless-knitted-tank-top-shorts-two-piece-set?pr_prod_strat=e5_desc&pr_rec_id=849b01ee5&pr_rec_pid=8716978520362&pr_ref_pid=8716979175722&pr_seq=uniform,https://www.bigcart.us/
/products/womens-solid-color-long-sleeve-rib-long-sleeve-henley-top?variant=46885595152682&currency=USD,https://www.bigcart.us/
/products/womens-solid-color-textured-ruffled-drawstring-pull-on-shorts?variant=45536184926506&currency=USD,https://www.bigcart.us/
/products/womens-plaid-patchwork-denim-jacket?variant=45548943180074&currency=USD,https://www.bigcart.us/
/products/womens-floral-long-sleeve-blouse?variant=46887458079018&currency=USD,https://www.bigcart.us/
/products/gold-heart-shaped-chain-anklet-tassel-snake-shaped-pendant-three-layer-anklet-for-women?variant=45550168113450&currency=USD,https://www.bigcart.us/
/products/womens-turtleneck-short-sweater-with-irregular-hem?variant=46885625659690&currency=USD,https://www.bigcart.us/
/products/womens-solid-color-velvet-hoodie-top-and-pants-set?variant=45536447562026&currency=USD,https://www.bigcart.us/
/products/womens-quick-dry-loose-running-trousers?variant=45536386351402&currency=USD,https://www.bigcart.us/
/products/womens-solid-color-the-all-day-lounge-romper?variant=45537092337962&currency=USD,https://www.bigcart.us/
/products/womens-solid-color-textured-ruffled-drawstring-pull-on-shorts?variant=45536185057578&currency=USD,https://www.bigcart.us/
/products/new-niche-design-butterfly-8-character-open-ring-set-cross-love-pearl-23-piece-ring?pr_prod_strat=e5_desc&pr_rec_id=6b9772a9f&pr_rec_pid=8386618065194&pr_ref_pid=8386616066346&pr_seq=uniform,https://www.bigcart.us/
/products/mens-army-green-arm-zip-pocket-pullover-hoodie?variant=45526500475178&currency=USD,https://www.bigcart.us/
/products/womens-solid-color-ruched-tank-top?variant=45534327669034&currency=USD,https://www.bigcart.us/
/products/womens-solid-color-cable-knit-cardigan-sweater?variant=46886586810666&currency=USD,https://www.bigcart.us/
/products/women-s-sparkly-deep-v-high-slit-mini-party-dress-with-chain-drape?pr_prod_strat=use_description&pr_rec_id=584920a93&pr_rec_pid=8714136944938&pr_ref_pid=8384184549674&pr_seq=uniform,https://www.bigcart.us/
/products/womens-solid-color-satin-wrap-mini-skirt?variant=45536367575338&currency=USD,https://www.bigcart.us/
/products/womens-solid-color-lace-trim-babydoll-top?pr_prod_strat=e5_desc&pr_rec_id=5777e5e96&pr_rec_pid=8384011632938&pr_ref_pid=8716726468906&pr_seq=uniform,https://www.bigcart.us/
/products/women-s-ribbed-stitching-long-sleeve-sweater-dress?variant=45536144556330&currency=USD,https://www.bigcart.us/
/products/womens-solid-color-crop-wide-leg-linen-pants?variant=45536199967018&currency=USD,https://www.bigcart.us/
/products/new-sexy-v-neck-suspender-feather-stitching-gown-dress?variant=46886784467242&currency=USD,https://www.bigcart.us/
/products/womens-printed-ruffle-sleeve-blouse?pr_prod_strat=e5_desc&pr_rec_id=154f6bf69&pr_rec_pid=8714220405034&pr_ref_pid=8714189308202&pr_seq=uniform,https://www.bigcart.us/
/products/leopard-point-short-sleeved-round-neck-pullover-loose-casual-t-shirt-for-women?variant=45533915709738&currency=USD,https://www.bigcart.us/
/products/mens-summer-fashion-printed-short-sleeve-shirts-9?variant=45524664156458&currency=USD,https://www.bigcart.us/
/products/new-style-stand-collar-half-zipper-hem-drawstring-casual-fleece-hoodie?variant=46885069226282&currency=USD,https://www.bigcart.us/
/products/womens-fashion-knitted-lace-v-neck-bottoming-shirt?variant=45533793878314&currency=USD,https://www.bigcart.us/
/products/womens-twist-button-loose-knitted-cardigan?pr_prod_strat=e5_desc&pr_rec_id=23c4e3c68&pr_rec_pid=8775565902122&pr_ref_pid=8714106667306&pr_seq=uniform,https://www.bigcart.us/
/products/women-s-stripe-oversized-v-neck-button-front-long-sleeve-sweater-cardigan?variant=46886567280938&currency=USD,https://www.bigcart.us/
/products/womens-hollowed-back-tie-tie-long-sleeved-t-shirt?pr_prod_strat=use_description&pr_rec_id=f44cdd977&pr_rec_pid=8383861063978&pr_ref_pid=8383859032362&pr_seq=uniform,https://www.bigcart.us/
/products/temperament-sexy-hollow-slim-lace-dress?variant=46886828769578&currency=USD,https://www.bigcart.us/
/products/mens-summer-fashion-printed-short-sleeve-shirts-2?variant=45524646002986&currency=USD,https://www.bigcart.us/
/products/womens-v-neck-pullover-multicolor-panel-casual-loose-top?variant=45533751214378&currency=USD,https://www.bigcart.us/
/products/new-style-stand-collar-half-zipper-hem-drawstring-casual-fleece-hoodie?variant=46885068636458&currency=USD,https://www.bigcart.us/
/products/mens-summer-fashion-printed-short-sleeve-shirts-9?variant=45524664058154&currency=USD,https://www.bigcart.us/
/products/pure-desire-sexy-sling-dress-black-sleeveless-dress?pr_prod_strat=e5_desc&pr_rec_id=5710554f5&pr_rec_pid=8384187957546&pr_ref_pid=8714135634218&pr_seq=uniform,https://www.bigcart.us/
/products/womens-woven-solid-color-commuter-trousers?pr_prod_strat=use_description&pr_rec_id=d55b5d855&pr_rec_pid=8384222953770&pr_ref_pid=8384225444138&pr_seq=uniform,https://www.bigcart.us/
/products/womens-solid-color-wraparound-knit-crop-top?pr_prod_strat=use_description&pr_rec_id=365e52376&pr_rec_pid=8383853658410&pr_ref_pid=8386537816362&pr_seq=uniform,https://www.bigcart.us/
/products/womens-new-lapel-solid-color-long-sleeved-autumn-and-winter-sweatshirt?pr_prod_strat=collection_fallback&pr_rec_id=9a6c941cc&pr_rec_pid=8713808576810&pr_ref_pid=8713808183594&pr_seq=uniform,https://www.bigcart.us/
/products/new-autumn-and-winter-plush-bunny-ears-hooded-warm-sweater?variant=46885094064426&currency=USD,https://www.bigcart.us/
/products/v-neck-hand-hook-splicing-smock-sexy-hollow-loose-beach-smock,https://www.bigcart.us/
/products/womens-suit-collar-long-sleeve-knitted-jacket-cardigan?pr_prod_strat=collection_fallback&pr_rec_id=26ccde669&pr_rec_pid=8714115350826&pr_ref_pid=8714114597162&pr_seq=uniform,https://www.bigcart.us/
/products/womens-halter-collar-solid-color-split-swimsuit?pr_prod_strat=use_description&pr_rec_id=8602ed7e1&pr_rec_pid=8386487746858&pr_ref_pid=8386578874666&pr_seq=uniform,https://www.bigcart.us/
/products/womens-loose-short-knitted-cardigan-sweater?pr_prod_strat=e5_desc&pr_rec_id=eabebc17f&pr_rec_pid=8714107814186&pr_ref_pid=8384082051370&pr_seq=uniform,https://www.bigcart.us/
/products/womens-slim-high-collar-long-sleeve-pullover-sweater,https://www.bigcart.us/
/products/womens-solid-color-softly-shaped-cups-slender-mini-dress?pr_prod_strat=collection_fallback&pr_rec_id=272ab045f&pr_rec_pid=8714138059050&pr_ref_pid=8714132226346&pr_seq=uniform,https://www.bigcart.us/
/products/womens-v-neck-stripe-casual-knitting-vest-sweater?pr_prod_strat=use_description&pr_rec_id=c3f8ba93f&pr_rec_pid=8716691865898&pr_ref_pid=8716692062506&pr_seq=uniform,https://www.bigcart.us/
/products/womens-ruffled-v-neck-small-floral-print-semi-sheer-chiffon-shirt?pr_prod_strat=collection_fallback&pr_rec_id=df832f011&pr_rec_pid=8714220077354&pr_ref_pid=8714188456234&pr_seq=uniform,https://www.bigcart.us/
/products/round-neck-contrasting-sweater-with-loose-pullover-knit,https://www.bigcart.us/
/products/fashion-womens-new-loose-casual-solid-color-wide-leg-trousers?pr_prod_strat=use_description&pr_rec_id=d55b5d855&pr_rec_pid=8716887523626&pr_ref_pid=8384225444138&pr_seq=uniform,https://www.bigcart.us/
/products/womens-v-neck-pullover-solid-color-bow-cropped-shirt-top,https://www.bigcart.us/
/products/womens-solid-color-tie-waist-high-rise-trousers?pr_prod_strat=use_description&pr_rec_id=1ea61388c&pr_rec_pid=8716877168938&pr_ref_pid=8384219808042&pr_seq=uniform,https://www.bigcart.us/
/products/sleeveless-sling-dress-leopard-print-european-and-american-ruffle-dress?pr_prod_strat=e5_desc&pr_rec_id=669185dcc&pr_rec_pid=8807011418410&pr_ref_pid=8807010500906&pr_seq=uniform,https://www.bigcart.us/
/products/slim-print-high-waist-sexy-resort-tie-dress?variant=45535629017386&currency=USD,https://www.bigcart.us/
/products/womens-flared-sleeve-loose-cutout-top?variant=45549805338922&currency=USD,https://www.bigcart.us/
/products/womens-urban-casual-round-neck-jacquard-mesh-sweater?variant=46885662425386&currency=USD,https://www.bigcart.us/
/products/women-s-stripe-oversized-v-neck-button-front-long-sleeve-sweater-cardigan?variant=46886567379242&currency=USD,https://www.bigcart.us/
/products/mens-solid-color-comfort-sleeveless-hoodie-1?variant=45524558479658&currency=USD,https://www.bigcart.us/
/products/womens-v-neck-pullover-solid-color-bow-cropped-shirt-top?variant=46887170179370&currency=USD,https://www.bigcart.us/
/products/womens-trousers-casual-versatile-wide-leg-trousers-with-belt?pr_prod_strat=e5_desc&pr_rec_id=fbe410d6a&pr_rec_pid=8384224231722&pr_ref_pid=8716882542890&pr_seq=uniform,https://www.bigcart.us/
/products/womens-fitted-paneled-flared-jeans?pr_prod_strat=use_description&pr_rec_id=504937dad&pr_rec_pid=8717004505386&pr_ref_pid=8384337314090&pr_seq=uniform,https://www.bigcart.us/
/products/womens-autumn-winter-long-sleeve-printed-shirt,https://www.bigcart.us/
/products/womens-long-colorblock-knit-cardigan-with-contrast-sleeves,https://www.bigcart.us/
/products/womens-casual-multicolor-long-sleeve-sweater-knitted-cardigan?pr_prod_strat=use_description&pr_rec_id=969877414&pr_rec_pid=8775572291882&pr_ref_pid=8713933914410&pr_seq=uniform,https://www.bigcart.us/
/products/women-s-stripe-oversized-v-neck-button-front-long-sleeve-sweater-cardigan?variant=46886566986026&currency=USD,https://www.bigcart.us/
/products/womens-flared-sleeve-loose-cutout-top?variant=45549805175082&currency=USD,https://www.bigcart.us/
/products/womens-sexy-v-neck-long-sleeved-dress?pr_prod_strat=use_description&pr_rec_id=e6e4b9391&pr_rec_pid=8714136322346&pr_ref_pid=8714134585642&pr_seq=uniform,https://www.bigcart.us/
/products/womens-flared-sleeve-crew-neck-pullover-jacquard-chiffon-top?variant=45534065099050&currency=USD,https://www.bigcart.us/
/products/womens-new-fashionable-loose-striped-turtleneck-pullover-sweater,https://www.bigcart.us/
/products/womens-solid-color-side-slit-wide-leg-pants?pr_prod_strat=use_description&pr_rec_id=1ea61388c&pr_rec_pid=8384221511978&pr_ref_pid=8384219808042&pr_seq=uniform,https://www.bigcart.us/
/products/womens-solid-color-ruched-cutout-one-shoulder-minidress,https://www.bigcart.us/
/products/new-fashion-solid-color-strapless-sleeveless-dress?pr_prod_strat=use_description&pr_rec_id=036a37fdd&pr_rec_pid=8384162300202&pr_ref_pid=8384218300714&pr_seq=uniform,https://www.bigcart.us/
/products/women-s-colorblock-waffle-knit-long-sleeve-open-front-two-pockets-cardigan?variant=46886571770154&currency=USD,https://www.bigcart.us/
/products/womens-hooded-single-breasted-long-sleeved-sweater-cardigan?pr_prod_strat=collection_fallback&pr_rec_id=72ee7cacd&pr_rec_pid=8714115219754&pr_ref_pid=8714107781418&pr_seq=uniform,https://www.bigcart.us/
/products/womens-ripped-raw-hem-skinny-jeans?pr_prod_strat=use_description&pr_rec_id=c59769b72&pr_rec_pid=8384333906218&pr_ref_pid=8717003882794&pr_seq=uniform,https://www.bigcart.us/
/products/womens-hooded-long-sleeved-solid-color-diamond-check-sweatshirt?pr_prod_strat=collection_fallback&pr_rec_id=cbcd8438a&pr_rec_pid=8713808478506&pr_ref_pid=8713800220970&pr_seq=uniform,https://www.bigcart.us/
/products/womens-long-sleeve-loose-casual-hooded-sweater?pr_prod_strat=use_description&pr_rec_id=c84c7d44d&pr_rec_pid=8713803628842&pr_ref_pid=8714114040106&pr_seq=uniform,https://www.bigcart.us/
/products/new-womens-printed-temperament-commuter-long-sleeved-shirt-top?pr_prod_strat=use_description&pr_rec_id=6fbc5295f&pr_rec_pid=8714208805162&pr_ref_pid=8384154075434&pr_seq=uniform,https://www.bigcart.us/
/products/womens-back-back-lace-round-collar-chief-must-be-exposed-navel-top?pr_prod_strat=e5_desc&pr_rec_id=9fe0e0d83&pr_rec_pid=8383883149610&pr_ref_pid=8716799181098&pr_seq=uniform,https://www.bigcart.us/
/products/womens-leopard-and-floral-print-hoodie?pr_prod_strat=collection_fallback&pr_rec_id=9a6c941cc&pr_rec_pid=8713808019754&pr_ref_pid=8713808183594&pr_seq=uniform,https://www.bigcart.us/
/products/womens-v-neck-panel-lace-trim-ruffle-sleeves-loose-solid-color-top?pr_prod_strat=collection_fallback&pr_rec_id=df832f011&pr_rec_pid=8714221224234&pr_ref_pid=8714188456234&pr_seq=uniform,https://www.bigcart.us/
/products/womens-hooded-long-sleeved-solid-color-diamond-check-sweatshirt?pr_prod_strat=collection_fallback&pr_rec_id=9a6c941cc&pr_rec_pid=8713808478506&pr_ref_pid=8713808183594&pr_seq=uniform,https://www.bigcart.us/
/products/womens-flared-sleeve-loose-cutout-top?variant=45549806256426&currency=USD,https://www.bigcart.us/
/products/womens-flared-sleeve-loose-cutout-top?variant=45549806092586&currency=USD,https://www.bigcart.us/
/products/feminine-round-neck-polar-fleece-loose-sweatshirt?pr_prod_strat=collection_fallback&pr_rec_id=9a6c941cc&pr_rec_pid=8713808347434&pr_ref_pid=8713808183594&pr_seq=uniform,https://www.bigcart.us/
/products/womens-flared-sleeve-loose-cutout-top?variant=45549805764906&currency=USD,https://www.bigcart.us/
/products/womens-woven-polka-dot-round-neck-petal-sleeve-shirt?variant=46887224574250&currency=USD,https://www.bigcart.us/
/products/mens-knitted-round-neck-button-long-sleeve-t-shirt?pr_prod_strat=use_description&pr_rec_id=2e4d02c43&pr_rec_pid=8382518133034&pr_ref_pid=8386397045034&pr_seq=uniform,https://www.bigcart.us/
/products/womens-solid-color-pullover-petal-sleeve-sweater?pr_prod_strat=use_description&pr_rec_id=b212b7214&pr_rec_pid=8713906618666&pr_ref_pid=8384053182762&pr_seq=uniform,https://www.bigcart.us/
/products/ladies-casual-fashion-pleated-skirt?variant=45536341754154&currency=USD,https://www.bigcart.us/
/products/womens-flared-sleeve-loose-cutout-top?variant=45549806289194&currency=USD,https://www.bigcart.us/
/products/ladies-pile-neck-loose-velvet-long-sleeved-knitted-top?pr_prod_strat=use_description&pr_rec_id=41d9596a4&pr_rec_pid=8713803596074&pr_ref_pid=8383886885162&pr_seq=uniform,https://www.bigcart.us/
/products/womens-flared-sleeve-loose-cutout-top?variant=45549805535530&currency=USD,https://www.bigcart.us/
/products/womens-street-fashion-casual-all-match-stitching-knitted-jacket?pr_prod_strat=use_description&pr_rec_id=7be0a5ca2&pr_rec_pid=8714111451434&pr_ref_pid=8384369131818&pr_seq=uniform,https://www.bigcart.us/
/products/womens-casual-fried-dough-twist-long-sleeve-high-neck-navel-revealing-knitted-sweater-1?pr_prod_strat=use_description&pr_rec_id=c0876fcdf&pr_rec_pid=8384086212906&pr_ref_pid=8384342720810&pr_seq=uniform,https://www.bigcart.us/
/products/womens-casual-v-neck-pullover-fringe-tie-dye-knit-sweater?variant=46885470273834&currency=USD,https://www.bigcart.us/
/products/womens-contrast-color-striped-long-knitted-cardigan?pr_prod_strat=collection_fallback&pr_rec_id=c6876321f&pr_rec_pid=8714115186986&pr_ref_pid=8714106929450&pr_seq=uniform,https://www.bigcart.us/
/products/womens-bunny-graphic-tee?variant=46899824394538&currency=USD,https://www.bigcart.us/
/products/womens-solid-color-tie-shoulder-jumpsuit?pr_prod_strat=use_description&pr_rec_id=53de2971c&pr_rec_pid=8384388858154&pr_ref_pid=8384377979178&pr_seq=uniform,https://www.bigcart.us/
/products/womens-bunny-graphic-tee?variant=46899824492842&currency=USD,https://www.bigcart.us/
/products/womens-high-waist-two-button-fashion-ripped-denim-shorts?pr_prod_strat=collection_fallback&pr_rec_id=2d8587a10&pr_rec_pid=8717037306154&pr_ref_pid=8717036880170&pr_seq=uniform,https://www.bigcart.us/
/products/womens-seamless-tie-dye-sports-yoga-short-sleeved-trousers-two-piece-suit?pr_prod_strat=e5_desc&pr_rec_id=eddfafb83&pr_rec_pid=8716978716970&pr_ref_pid=8716978848042&pr_seq=uniform,https://www.bigcart.us/
/products/womens-slit-hem-rip-high-waist-jeans?pr_prod_strat=e5_desc&pr_rec_id=0a2f6eff5&pr_rec_pid=8717004374314&pr_ref_pid=8717005783338&pr_seq=uniform,https://www.bigcart.us/
/products/new-fashion-navel-t-shirt-summer-new-black-short-top?pr_prod_strat=e5_desc&pr_rec_id=8af36afc0&pr_rec_pid=8383876170026&pr_ref_pid=8383876694314&pr_seq=uniform,https://www.bigcart.us/
/products/mens-comfort-zip-neck-tipped-polo-shirt?pr_prod_strat=use_description&pr_rec_id=ec6397655&pr_rec_pid=8382602903850&pr_ref_pid=8382610571562&pr_seq=uniform,https://www.bigcart.us/
/products/womens-flared-sleeve-loose-cutout-top?variant=45549805699370&currency=USD,https://www.bigcart.us/
/products/womens-washed-ripped-wide-leg-jeans?pr_prod_strat=use_description&pr_rec_id=504937dad&pr_rec_pid=8384338133290&pr_ref_pid=8384337314090&pr_seq=uniform,https://www.bigcart.us/
/products/womens-bunny-graphic-tee?variant=46899824427306&currency=USD,https://www.bigcart.us/
/products/new-autumn-and-winter-casual-color-contrast-striped-long-sleeved-pullover-sweater?pr_prod_strat=e5_desc&pr_rec_id=160b2ffba&pr_rec_pid=8713938075946&pr_ref_pid=8713937191210&pr_seq=uniform,https://www.bigcart.us/
/products/womens-bunny-graphic-tee?variant=46899824558378&currency=USD,https://www.bigcart.us/
/products/v-neck-patch-pocket-loose-waffle-long-sleeve-top,https://www.bigcart.us/
/products/womens-color-block-sweater-cardigan,https://www.bigcart.us/
/products/womens-front-wrap-cross-cropped-long-sleeve-knit-top?variant=45533907976490&currency=USD,https://www.bigcart.us/
/products/womens-bunny-graphic-tee?variant=46899824361770&currency=USD,https://www.bigcart.us/
/products/new-denim-vest-multi-pocket-personality-washable-vest-for-women,https://www.bigcart.us/
/products/womens-fashion-knitted-lace-v-neck-bottoming-shirt?variant=45533793911082&currency=USD,https://www.bigcart.us/
/products/womens-contrast-color-knitted-cardigan-color-matching-short-sweater?pr_prod_strat=e5_desc&pr_rec_id=377da34e2&pr_rec_pid=8714107420970&pr_ref_pid=8714107912490&pr_seq=uniform,https://www.bigcart.us/
/products/womens-flared-sleeve-loose-cutout-top?variant=45549806223658&currency=USD,https://www.bigcart.us/
/products/new-fashion-one-shoulder-short-sleeve-solid-color-cropped-top?variant=45533880451370&currency=USD,https://www.bigcart.us/
/products/womens-slit-hem-rip-high-waist-jeans?variant=46894742700330&currency=USD,https://www.bigcart.us/
/products/women-s-solid-color-ruffled-sleeve-button-down-top,https://www.bigcart.us/
/products/casual-checkerboard-colorblock-crewneck-long-sleeve-sweater-1?pr_prod_strat=collection_fallback&pr_rec_id=eb1eecca8&pr_rec_pid=8713942696234&pr_ref_pid=8713937617194&pr_seq=uniform,https://www.bigcart.us/
/products/letter-printed-round-neck-short-sleeve-ripped-loose-casual-t-shirt?variant=45533889331498&currency=USD,https://www.bigcart.us/
/products/womens-solid-color-strapless-one-shoulder-t-shirt-for-women?variant=45533913973034&currency=USD,https://www.bigcart.us/
/products/new-womens-long-sleeved-color-block-sweater-thin-sweater-t-shirt?variant=45533956702506&currency=USD,https://www.bigcart.us/
/products/womens-fashion-knitted-lace-v-neck-bottoming-shirt?variant=45533793517866&currency=USD,https://www.bigcart.us/
/products/womens-stitching-long-sleeve-cardigan-sweater-spring-autumn-coat?pr_prod_strat=use_description&pr_rec_id=3a9734fca&pr_rec_pid=8714107846954&pr_ref_pid=8384083558698&pr_seq=uniform,https://www.bigcart.us/
/products/womens-solid-color-slim-fit-hip-lifting-jumpsuit?pr_prod_strat=use_description&pr_rec_id=e6e4b9391&pr_rec_pid=8384369590570&pr_ref_pid=8714134585642&pr_seq=uniform,https://www.bigcart.us/
/products/womens-stretch-ripped-denim-shorts?pr_prod_strat=use_description&pr_rec_id=9bb0d10ac&pr_rec_pid=8717035602218&pr_ref_pid=8717037502762&pr_seq=uniform,https://www.bigcart.us/
/products/womens-wood-ear-collar-short-sleeved-strap-top?pr_prod_strat=e5_desc&pr_rec_id=2421a4c61&pr_rec_pid=8383912182058&pr_ref_pid=8719758491946&pr_seq=uniform,https://www.bigcart.us/
/products/womens-fashion-solid-color-waist-casual-pants?pr_prod_strat=use_description&pr_rec_id=d55b5d855&pr_rec_pid=8384222036266&pr_ref_pid=8384225444138&pr_seq=uniform,https://www.bigcart.us/
/products/womens-solid-color-tie-waist-wide-leg-pants?pr_prod_strat=e5_desc&pr_rec_id=7a0e16254&pr_rec_pid=8384222593322&pr_ref_pid=8384222888234&pr_seq=uniform,https://www.bigcart.us/
/products/womens-long-sleeve-sweater-buttoned-cardigan-jacket?variant=46886620823850&currency=USD,https://www.bigcart.us/
/products/colorful-zircon-three-dimensional-butterfly-stud-earrings?pr_prod_strat=e5_desc&pr_rec_id=e29ccca95&pr_rec_pid=8386616721706&pr_ref_pid=8386614952234&pr_seq=uniform,https://www.bigcart.us/
/products/skin-friendly-nude-sports-leggings-running-fitness-nine-point-pants?variant=46894532657450&currency=USD,https://www.bigcart.us/
/products/womens-star-pattern-ripped-wash-jeans?variant=45536779764010&currency=USD,https://www.bigcart.us/
/products/womens-solid-color-embroidered-cotton-fringe-slit-cover-up-dress?variant=45549800718634&currency=USD,https://www.bigcart.us/
/products/new-casual-color-blocked-hollow-lantern-sleeve-waisted-sweater-dress?variant=46894814953770&currency=USD,https://www.bigcart.us/
/products/ladies-casual-fashion-pleated-skirt?variant=45536341983530&currency=USD,https://www.bigcart.us/
/products/womens-fashion-sexy-sling-elegant-dress,https://www.bigcart.us/
/products/womens-diagonal-neck-solid-color-ruffle-dress?variant=45535539134762&currency=USD,https://www.bigcart.us/
/products/womens-short-sleeve-color-block-tiered-split-neck-top?variant=46887455981866&currency=USD,https://www.bigcart.us/
/products/new-sexy-hot-girl-one-line-collar-long-sleeved-sweater?variant=46885665603882&currency=USD,https://www.bigcart.us/
/products/mens-summer-fashion-printed-short-sleeve-shirts-3?variant=45524646134058&currency=USD,https://www.bigcart.us/
/products/new-casual-color-blocked-hollow-lantern-sleeve-waisted-sweater-dress?variant=46894815052074&currency=USD,https://www.bigcart.us/
/products/new-fashion-ladies-casual-wide-leg-pants?pr_prod_strat=use_description&pr_rec_id=d55b5d855&pr_rec_pid=8716881133866&pr_ref_pid=8384225444138&pr_seq=uniform,https://www.bigcart.us/
/products/new-casual-solid-color-flared-wide-leg-pants?pr_prod_strat=use_description&pr_rec_id=d55b5d855&pr_rec_pid=8716878971178&pr_ref_pid=8384225444138&pr_seq=uniform,https://www.bigcart.us/
/products/womens-all-match-skinny-ripped-one-breasted-jeans-with-drag-pants?pr_prod_strat=e5_desc&pr_rec_id=d6b7e6437&pr_rec_pid=8384335642922&pr_ref_pid=8384338002218&pr_seq=uniform,https://www.bigcart.us/
/products/new-casual-square-neck-twist-lantern-sleeve-pullover-sweater?pr_prod_strat=use_description&pr_rec_id=8964a3b5d&pr_rec_pid=8713937158442&pr_ref_pid=8717015646506&pr_seq=uniform,https://www.bigcart.us/
/products/womens-fashion-tops-thin-loose-v-neck-long-sleeve-black-shirt,https://www.bigcart.us/
/products/womens-loose-trend-harem-straight-leather-pants?pr_prod_strat=e5_desc&pr_rec_id=27a59c980&pr_rec_pid=8384223215914&pr_ref_pid=8716876316970&pr_seq=uniform,https://www.bigcart.us/
/products/womens-casual-loose-t-shirt-solid-top-1?variant=46885028102442&currency=USD,https://www.bigcart.us/
/products/womens-fashion-solid-color-round-neck-knit-top?pr_prod_strat=e5_desc&pr_rec_id=a1427761d&pr_rec_pid=8716722405674&pr_ref_pid=8716745376042&pr_seq=uniform,https://www.bigcart.us/
/products/womens-loose-warm-twist-knitted-cardigan,https://www.bigcart.us/
/products/womens-ripped-high-waist-crop-skinny-jeans?pr_prod_strat=e5_desc&pr_rec_id=b2065a34c&pr_rec_pid=8384334987562&pr_ref_pid=8717005226282&pr_seq=uniform,https://www.bigcart.us/
/products/women-s-stripe-oversized-v-neck-button-front-long-sleeve-sweater-cardigan?variant=46886567510314&currency=USD,https://www.bigcart.us/
/products/womens-straight-solid-color-casual-trousers?pr_prod_strat=e5_desc&pr_rec_id=fbe410d6a&pr_rec_pid=8716883755306&pr_ref_pid=8716882542890&pr_seq=uniform,https://www.bigcart.us/
/products/women-s-stripe-oversized-v-neck-button-front-long-sleeve-sweater-cardigan?variant=46886567084330&currency=USD,https://www.bigcart.us/
/products/mens-business-slim-suit-jacket-single-suit-5?pr_prod_strat=e5_desc&pr_rec_id=f549f2629&pr_rec_pid=8383132401962&pr_ref_pid=8383131582762&pr_seq=uniform,https://www.bigcart.us/
/products/womens-horn-high-waist-high-waist-thin-split-wide-leg-pants?pr_prod_strat=use_description&pr_rec_id=37229566f&pr_rec_pid=8384221544746&pr_ref_pid=8384187466026&pr_seq=uniform,https://www.bigcart.us/
/products/womens-round-neck-pullover-patchwork-contrast-sweater?variant=45534881612074&currency=USD,https://www.bigcart.us/
/products/women-s-stripe-oversized-v-neck-button-front-long-sleeve-sweater-cardigan?variant=46886567051562&currency=USD,https://www.bigcart.us/
/products/multi-color-hoodie-drawstring-pullover-hoodie?pr_prod_strat=e5_desc&pr_rec_id=ff064f352&pr_rec_pid=8384117375274&pr_ref_pid=8384120029482&pr_seq=uniform,https://www.bigcart.us/
/products/womens-solid-color-casual-loose-pocket-high-waist-cropped-pants?pr_prod_strat=use_description&pr_rec_id=895c21523&pr_rec_pid=8384256114986&pr_ref_pid=8717004013866&pr_seq=uniform,https://www.bigcart.us/
/products/mens-warm-turtleneck-casual-slim-fit-fall-winter-knitted-pullover-sweaters?pr_prod_strat=e5_desc&pr_rec_id=f871bb41c&pr_rec_pid=8382765367594&pr_ref_pid=8382762451242&pr_seq=uniform,https://www.bigcart.us/
/products/womens-fashion-plaid-zebra-pattern-long-sleeve-short-cardigan-thin-coat?pr_prod_strat=e5_desc&pr_rec_id=87133f34c&pr_rec_pid=8714188816682&pr_ref_pid=8714207330602&pr_seq=uniform,https://www.bigcart.us/
/products/womens-turtleneck-loose-long-sleeve-houndstooth-sweater-dress?pr_prod_strat=e5_desc&pr_rec_id=677def856&pr_rec_pid=8717014991146&pr_ref_pid=8806943785258&pr_seq=uniform,https://www.bigcart.us/
/products/mens-summer-fashion-printed-short-sleeve-shirts-3?variant=45524646199594&currency=USD,https://www.bigcart.us/
/products/womens-gentle-style-soft-waxy-knitted-cardigan-lazy-style-star-sweater-jacket?variant=46885660918058&currency=USD,https://www.bigcart.us/
/products/womens-summer-all-match-suspenders-loose-wide-leg-casual-jumpsuit,https://www.bigcart.us/
/products/womens-solid-color-uplevel-space-dye-midi-jumpsuit?pr_prod_strat=use_description&pr_rec_id=b2c1e7b1f&pr_rec_pid=8716955615530&pr_ref_pid=8716955549994&pr_seq=uniform,https://www.bigcart.us/
/products/women-s-faux-leopard-printed-open-front-long-sleeve-blouse?pr_prod_strat=e5_desc&pr_rec_id=c51cc581c&pr_rec_pid=8383907987754&pr_ref_pid=8714208018730&pr_seq=uniform,https://www.bigcart.us/
/products/womens-rhombus-jacquard-knitted-cardigan-short-sweater?variant=46886557155626&currency=USD,https://www.bigcart.us/
/products/women-s-solid-color-tie-front-sleeveless-jumpsuit?pr_prod_strat=e5_desc&pr_rec_id=87564fc51&pr_rec_pid=8384384794922&pr_ref_pid=8384369590570&pr_seq=uniform,https://www.bigcart.us/
/products/womens-gentle-style-soft-waxy-knitted-cardigan-lazy-style-star-sweater-jacket?variant=46885661049130&currency=USD,https://www.bigcart.us/
/products/womens-pullover-hooded-loose-fit-womens-sweatshirt?variant=46885046583594&currency=USD,https://www.bigcart.us/
/products/womens-round-neck-pullover-patchwork-contrast-sweater?variant=45534881644842&currency=USD,https://www.bigcart.us/
/password,https://www.bigcart.us/
/products/womens-round-neck-pullover-patchwork-contrast-sweater?variant=45534881579306&currency=USD,https://www.bigcart.us/
/products/womens-casual-drop-shoulder-sleeve-crew-neck-sweater-1?pr_prod_strat=e5_desc&pr_rec_id=79e6fb1cd&pr_rec_pid=8713910878506&pr_ref_pid=8384051151146&pr_seq=uniform,https://www.bigcart.us/
/products/womens-gentle-style-soft-waxy-knitted-cardigan-lazy-style-star-sweater-jacket?variant=46885661114666&currency=USD,https://www.bigcart.us/
/products/womens-button-tie-solid-shirt-dress,https://www.bigcart.us/
/products/mens-summer-fashion-printed-short-sleeve-shirts-3?variant=45524646166826&currency=USD,https://www.bigcart.us/
/products/womens-solid-color-ruched-triangle-bikini-top-with-matching-bikini-bottom?pr_prod_strat=use_description&pr_rec_id=52e3a67cc&pr_rec_pid=8386577236266&pr_ref_pid=8386580381994&pr_seq=uniform,https://www.bigcart.us/
/products/womens-solid-color-mock-neck-flutter-sleeve-top?pr_prod_strat=e5_desc&pr_rec_id=6f9c4a68f&pr_rec_pid=8714219323690&pr_ref_pid=8383912345898&pr_seq=uniform,https://www.bigcart.us/
/products/womens-drawstring-halter-print-split-swimsuit?pr_prod_strat=use_description&pr_rec_id=8602ed7e1&pr_rec_pid=8386488598826&pr_ref_pid=8386578874666&pr_seq=uniform,https://www.bigcart.us/
/products/slim-print-high-waist-sexy-resort-tie-dress?variant=45535628558634&currency=USD,https://www.bigcart.us/
/products/womens-striped-casual-loose-wool-dress-knitted-dress,https://www.bigcart.us/
/products/women-s-long-sleeve-button-up-neckline-with-adjustable-tie-ribbed-hoodie-sweater?pr_prod_strat=use_description&pr_rec_id=0b4368988&pr_rec_pid=8713930309930&pr_ref_pid=8383914639658&pr_seq=uniform,https://www.bigcart.us/
/products/womens-casual-drop-shoulder-sleeve-crew-neck-sweater?pr_prod_strat=e5_desc&pr_rec_id=79e6fb1cd&pr_rec_pid=8384060227882&pr_ref_pid=8384051151146&pr_seq=uniform,https://www.bigcart.us/
/products/womens-rhombus-jacquard-knitted-cardigan-short-sweater?variant=46886556991786&currency=USD,https://www.bigcart.us/
/products/women-s-abstract-leopard-print-collared-button-down-blouse-with-long-sleeves?variant=45534074372394&currency=USD,https://www.bigcart.us/
/products/womens-casual-v-neck-pullover-fringe-tie-dye-knit-sweater?variant=46885470241066&currency=USD,https://www.bigcart.us/
/products/womens-solid-color-v-neck-short-sleev-top?pr_prod_strat=collection_fallback&pr_rec_id=9aebf3851&pr_rec_pid=8714220765482&pr_ref_pid=8714212016426&pr_seq=uniform,https://www.bigcart.us/
/products/womens-solid-color-tie-waist-straight-leg-pants?pr_prod_strat=e5_desc&pr_rec_id=bdaa7b8fd&pr_rec_pid=8384220627242&pr_ref_pid=8716882542890&pr_seq=uniform,https://www.bigcart.us/
/products/womens-turtleneck-loose-pullover-sweater?variant=46885674352938&currency=USD,https://www.bigcart.us/
/products/new-womens-long-sleeve-printed-shirt?pr_prod_strat=e5_desc&pr_rec_id=e2f11ff18&pr_rec_pid=8714217914666&pr_ref_pid=8714214572330&pr_seq=uniform,https://www.bigcart.us/
/products/pleated-strapless-one-neck-sexy-dress?pr_prod_strat=e5_desc&pr_rec_id=e7b8eea87&pr_rec_pid=8714134323498&pr_ref_pid=8714134520106&pr_seq=uniform,https://www.bigcart.us/
/products/womens-casual-fried-dough-twist-long-sleeve-high-neck-navel-revealing-knitted-sweater-1?pr_prod_strat=use_description&pr_rec_id=c1ac7d388&pr_rec_pid=8384086212906&pr_ref_pid=8384061210922&pr_seq=uniform,https://www.bigcart.us/
/products/womens-ruffled-tie-long-sleeve-blouse?pr_prod_strat=e5_desc&pr_rec_id=5c249e789&pr_rec_pid=8714214670634&pr_ref_pid=8714215162154&pr_seq=uniform,https://www.bigcart.us/
/products/womens-casual-fried-dough-twist-long-sleeve-high-neck-navel-revealing-knitted-sweater-1?pr_prod_strat=use_description&pr_rec_id=47ab8cde0&pr_rec_pid=8384086212906&pr_ref_pid=8384080544042&pr_seq=uniform,https://www.bigcart.us/
/products/sweater-loose-color-long-sleeve-contrasting-color-striped-knit-cardigan-jacket?pr_prod_strat=e5_desc&pr_rec_id=5487cf87b&pr_rec_pid=8384082739498&pr_ref_pid=8713938305322&pr_seq=uniform,https://www.bigcart.us/
/products/womens-solid-color-strapless-one-shoulder-t-shirt-for-women?variant=45533914071338&currency=USD,https://www.bigcart.us/
/products/womens-cute-butterfly-tie-string-bralette-brazilian-two-piece-bikini-swimsuit?variant=45550104445226&currency=USD,https://www.bigcart.us/
/products/womens-rhombus-jacquard-knitted-cardigan-short-sweater?variant=46886557188394&currency=USD,https://www.bigcart.us/
/products/womens-solid-color-batwing-sleeve-button-detail-tee?variant=46894209106218&currency=USD,https://www.bigcart.us/
/products/womens-solid-color-batwing-sleeve-button-detail-tee?variant=46894209270058&currency=USD,https://www.bigcart.us/
/products/womens-rhombus-jacquard-knitted-cardigan-short-sweater,https://www.bigcart.us/
/products/mens-long-sleeve-t-shirt-muscle-fitted-t-shirt-gym-workout-athletic-tee?variant=45525526905130&currency=USD,https://www.bigcart.us/
/contact,https://www.bigcart.us/
/products/womens-solid-color-batwing-sleeve-button-detail-tee?variant=46894209597738&currency=USD,https://www.bigcart.us/
/products/mens-long-sleeve-t-shirt-muscle-fitted-t-shirt-gym-workout-athletic-tee?variant=45525527593258&currency=USD,https://www.bigcart.us/
/products/womens-navel-long-sleeved-strap-tied-v-neck-short-tube-top-top?pr_prod_strat=collection_fallback&pr_rec_id=9aebf3851&pr_rec_pid=8714220208426&pr_ref_pid=8714212016426&pr_seq=uniform,https://www.bigcart.us/
/products/mens-summer-fashion-printed-short-sleeve-shirts-3?variant=45524646232362&currency=USD,https://www.bigcart.us/
/products/new-womens-v-neck-button-chiffon-cardigan-long-sleeves?variant=46887383302442&currency=USD,https://www.bigcart.us/
/products/mens-summer-fashion-printed-short-sleeve-shirts-3?variant=45524646330666&currency=USD,https://www.bigcart.us/
/products/womens-solid-color-cloud-jersey-long-sleeve-v-neck-top?pr_prod_strat=use_description&pr_rec_id=516ae0dd8&pr_rec_pid=8383848481066&pr_ref_pid=8383971066154&pr_seq=uniform,https://www.bigcart.us/
/products/womens-solid-color-short-sleeve-top-with-lace?pr_prod_strat=use_description&pr_rec_id=516ae0dd8&pr_rec_pid=8383884427562&pr_ref_pid=8383971066154&pr_seq=uniform,https://www.bigcart.us/
/products/womens-solid-color-batwing-sleeve-button-detail-tee?variant=46894209171754&currency=USD,https://www.bigcart.us/
/products/womens-v-neck-printed-long-sleeved-slim-fit-top?pr_prod_strat=e5_desc&pr_rec_id=e296e8a69&pr_rec_pid=8714215162154&pr_ref_pid=8714206937386&pr_seq=uniform,https://www.bigcart.us/
/products/womens-casual-stretch-ripped-denim-cropped-pants?pr_prod_strat=use_description&pr_rec_id=504937dad&pr_rec_pid=8717037175082&pr_ref_pid=8384337314090&pr_seq=uniform,https://www.bigcart.us/
/products/womens-solid-color-drawstring-wide-leg-pants?pr_prod_strat=e5_desc&pr_rec_id=7d7a4c144&pr_rec_pid=8384221577514&pr_ref_pid=8384220954922&pr_seq=uniform,https://www.bigcart.us/
/products/casual-checkerboard-colorblock-crewneck-long-sleeve-sweater-1?pr_prod_strat=collection_fallback&pr_rec_id=90bae7ee2&pr_rec_pid=8713942696234&pr_ref_pid=8713934209322&pr_seq=uniform,https://www.bigcart.us/
/products/ladies-casual-fashion-pleated-skirt?variant=45536341393706&currency=USD,https://www.bigcart.us/
/products/womens-solid-color-tie-front-cutout-flutter-sleeve-crop-jumpsuit?variant=45537093419306&currency=USD,https://www.bigcart.us/
/products/womens-printed-smocked-triangle-bikini-top-with-matching-smocked-bikini-bottoms?variant=45550099530026&currency=USD,https://www.bigcart.us/
/products/womens-casual-sports-hoodie-sweatshirt-dress?variant=46885059821866&currency=USD,https://www.bigcart.us/
/products/mens-summer-fashion-printed-short-sleeve-shirts-10?variant=45524664385834&currency=USD,https://www.bigcart.us/
/products/new-womens-v-neck-button-chiffon-cardigan-long-sleeves?variant=46887383925034&currency=USD,https://www.bigcart.us/
/products/new-womens-long-sleeve-solid-color-knitted-top?pr_prod_strat=e5_desc&pr_rec_id=6e445a29b&pr_rec_pid=8716747931946&pr_ref_pid=8716799476010&pr_seq=uniform,https://www.bigcart.us/
/products/womens-new-lapel-solid-color-long-sleeve-sweater?pr_prod_strat=e5_desc&pr_rec_id=df0d26fdb&pr_rec_pid=8716799279402&pr_ref_pid=8716736397610&pr_seq=uniform,https://www.bigcart.us/
/products/womens-solid-color-open-stitch-crewneck-sweater?pr_prod_strat=use_description&pr_rec_id=90fe821d8&pr_rec_pid=8384008880426&pr_ref_pid=8386538766634&pr_seq=uniform,https://www.bigcart.us/
/products/mens-long-sleeve-t-shirt-muscle-fitted-t-shirt-gym-workout-athletic-tee?variant=45525527265578&currency=USD,https://www.bigcart.us/
/products/women-s-elegant-block-striped-loose-fit-sweater-dress-with-high-collar?pr_prod_strat=use_description&pr_rec_id=f78f12285&pr_rec_pid=8384211058986&pr_ref_pid=8384212566314&pr_seq=uniform,https://www.bigcart.us/
/products/womans-spring-and-summer-new-suspenders-sexy-swing-dress?pr_prod_strat=use_description&pr_rec_id=795bdaa3f&pr_rec_pid=8384203915562&pr_ref_pid=8384203489578&pr_seq=uniform,https://www.bigcart.us/
/products/womens-zigzag-mock-neck-tie-back-crop-top?pr_prod_strat=collection_fallback&pr_rec_id=3c11db74c&pr_rec_pid=8714220503338&pr_ref_pid=8714219389226&pr_seq=uniform,https://www.bigcart.us/
/products/skin-friendly-nude-sports-leggings-running-fitness-nine-point-pants?pr_prod_strat=e5_desc&pr_rec_id=0c70d12b1&pr_rec_pid=8716979011882&pr_ref_pid=8716972622122&pr_seq=uniform,https://www.bigcart.us/
/products/womens-fried-dough-twist-off-shoulder-long-sleeve-wool-dress-knitted-dress,https://www.bigcart.us/
/products/women-s-spring-wool-knit-design-crewneck-sweater-with-long-sleeves,https://www.bigcart.us/
/products/womens-printed-body-con-midi-dress?pr_prod_strat=use_description&pr_rec_id=57f56bc87&pr_rec_pid=8384209420586&pr_ref_pid=8386537193770&pr_seq=uniform,https://www.bigcart.us/
/products/swimsuit-bikini-strap-knotted-swimwear-solid-color-swimsuit?variant=45550122533162&currency=USD,https://www.bigcart.us/
/products/new-casual-hollow-twist-long-sleeved-pullover-sweater?pr_prod_strat=e5_desc&pr_rec_id=aa65c18b2&pr_rec_pid=8713937191210&pr_ref_pid=8717015646506&pr_seq=uniform,https://www.bigcart.us/
/products/womens-high-waist-drape-a-line-midi-skirt?variant=45536343359786&currency=USD,https://www.bigcart.us/
/products/women-s-distressed-button-front-closure-high-waist-ankle-skinny-jeans?variant=46894736802090&currency=USD,https://www.bigcart.us/
/products/mens-hawaiian-print-short-sleeve-shirt-3?pr_prod_strat=e5_desc&pr_rec_id=d6aa840e8&pr_rec_pid=8382149361962&pr_ref_pid=8382144905514&pr_seq=uniform,https://www.bigcart.us/
/products/new-autumn-and-winter-new-fashion-woolen-coat-thickened-loose-with-scarf-tassels-for-women?pr_prod_strat=use_description&pr_rec_id=60321eddc&pr_rec_pid=8775581204778&pr_ref_pid=8775579861290&pr_seq=uniform,https://www.bigcart.us/
/products/womens-solid-color-wraparound-knit-crop-top?pr_prod_strat=e5_desc&pr_rec_id=48f99349b&pr_rec_pid=8383853658410&pr_ref_pid=8383971819818&pr_seq=uniform,https://www.bigcart.us/
/products/new-womens-v-neck-button-chiffon-cardigan-long-sleeves?variant=46887384187178&currency=USD,https://www.bigcart.us/
/products/mens-summer-fashion-printed-short-sleeve-shirts-10?variant=45524664353066&currency=USD,https://www.bigcart.us/
/products/mens-long-sleeve-t-shirt-muscle-fitted-t-shirt-gym-workout-athletic-tee?variant=45525527134506&currency=USD,https://www.bigcart.us/
/products/floral-shirt-femininity-commuter-long-sleeve-blouse?variant=46887397622058&currency=USD,https://www.bigcart.us/
/products/women-s-v-neckline-reaper-sweater-dress,https://www.bigcart.us/
/products/womens-pullover-low-collar-long-sleeve-knitted-bottoming-sweater-dress?pr_prod_strat=e5_desc&pr_rec_id=677def856&pr_rec_pid=8806944473386&pr_ref_pid=8806943785258&pr_seq=uniform,https://www.bigcart.us/
/products/mens-summer-fashion-printed-short-sleeve-shirts-10?variant=45524664287530&currency=USD,https://www.bigcart.us/
/products/new-womens-v-neck-button-chiffon-cardigan-long-sleeves?variant=46887383531818&currency=USD,https://www.bigcart.us/
/products/womens-seamless-mesh-quick-dry-bra-yoga-set,https://www.bigcart.us/
/products/womens-ripped-high-waist-side-leg-jeans,https://www.bigcart.us/
/products/mens-long-sleeve-t-shirt-muscle-fitted-t-shirt-gym-workout-athletic-tee?variant=45525526970666&currency=USD,https://www.bigcart.us/
/products/new-high-waist-floor-length-loose-slimming-straight-wide-leg-jeans?pr_prod_strat=use_description&pr_rec_id=056ddd514&pr_rec_pid=8717006111018&pr_ref_pid=8716882936106&pr_seq=uniform,https://www.bigcart.us/
/products/womens-clothing-slim-fit-solid-color-cotton-linen-dress?variant=45535520555306&currency=USD,https://www.bigcart.us/
/products/mens-summer-fashion-printed-short-sleeve-shirts-10?variant=45524664254762&currency=USD,https://www.bigcart.us/
/products/womens-sexy-v-neck-floral-print-high-waist-flared-sleeve-dress?pr_prod_strat=use_description&pr_rec_id=be96b11f9&pr_rec_pid=8384159220010&pr_ref_pid=8384205062442&pr_seq=uniform,https://www.bigcart.us/
/products/mens-long-sleeve-t-shirt-muscle-fitted-t-shirt-gym-workout-athletic-tee?variant=45525527003434&currency=USD,https://www.bigcart.us/
/products/womens-fashion-round-neck-pullover-doll-sleeve-button-t-shirt-top,https://www.bigcart.us/
/products/womens-hollow-tight-fitting-sexy-split-irregular-hem-top,https://www.bigcart.us/
/products/mens-long-sleeve-t-shirt-muscle-fitted-t-shirt-gym-workout-athletic-tee?variant=45525527527722&currency=USD,https://www.bigcart.us/
/products/womens-straight-solid-color-casual-trousers?pr_prod_strat=e5_desc&pr_rec_id=7a0e16254&pr_rec_pid=8716883755306&pr_ref_pid=8384222888234&pr_seq=uniform,https://www.bigcart.us/
/products/mens-summer-fashion-printed-short-sleeve-shirts-5?variant=45524655112490&currency=USD,https://www.bigcart.us/
/products/new-high-waist-floor-length-loose-slimming-straight-wide-leg-jeans?pr_prod_strat=e5_desc&pr_rec_id=31ef11632&pr_rec_pid=8717006111018&pr_ref_pid=8717005848874&pr_seq=uniform,https://www.bigcart.us/
/products/womens-hollow-shockproof-beauty-back-jumpsuit,https://www.bigcart.us/
/products/new-womens-v-neck-button-chiffon-cardigan-long-sleeves?variant=46887383728426&currency=USD,https://www.bigcart.us/
/products/new-womens-v-neck-button-chiffon-cardigan-long-sleeves?variant=46887383826730&currency=USD,https://www.bigcart.us/
/products/womens-solid-color-open-back-long-sleeve-sweater-dress?pr_prod_strat=use_description&pr_rec_id=90fe821d8&pr_rec_pid=8386535457066&pr_ref_pid=8386538766634&pr_seq=uniform,https://www.bigcart.us/
/products/womens-high-rise-slit-slim-fit-jeans,https://www.bigcart.us/
/products/womens-pullover-sweater-leopard-stitching-fashion-round-neck-sweater?variant=46885575393578&currency=USD,https://www.bigcart.us/
/products/women-s-solid-color-in-mock-neck-with-smocked-cuff-ruched-long-sleeve-blouse?pr_prod_strat=use_description&pr_rec_id=0b4368988&pr_rec_pid=8383910641962&pr_ref_pid=8383914639658&pr_seq=uniform,https://www.bigcart.us/
/products/womens-striped-open-front-cardigan?pr_prod_strat=use_description&pr_rec_id=0b4368988&pr_rec_pid=8714110796074&pr_ref_pid=8383914639658&pr_seq=uniform,https://www.bigcart.us/
/products/mens-long-sleeve-t-shirt-muscle-fitted-t-shirt-gym-workout-athletic-tee?variant=45525526872362&currency=USD,https://www.bigcart.us/
/products/new-round-neck-dropped-shoulder-lantern-sleeve-printed-top,https://www.bigcart.us/
/products/womens-casual-color-block-short-sleeve-t-shirt?variant=46894283292970&currency=USD,https://www.bigcart.us/
/products/womens-button-high-waist-flare-sequin-hem-jeans?pr_prod_strat=use_description&pr_rec_id=c59769b72&pr_rec_pid=8384337510698&pr_ref_pid=8717003882794&pr_seq=uniform,https://www.bigcart.us/
/products/women-s-woven-knit-wide-v-neck-sweater-dress-with-long-sleeves?pr_prod_strat=e5_desc&pr_rec_id=c17215918&pr_rec_pid=8717014532394&pr_ref_pid=8717015548202&pr_seq=uniform,https://www.bigcart.us/
/products/womens-hollow-color-block-long-sleeve-crew-neck-knitted-sweater?pr_prod_strat=e5_desc&pr_rec_id=72b34d872&pr_rec_pid=8713933848874&pr_ref_pid=8713902326058&pr_seq=uniform,https://www.bigcart.us/
/products/new-womens-solid-color-polo-collar-knitted-top,https://www.bigcart.us/
/products/womens-fashion-loose-solid-color-over-knit,https://www.bigcart.us/
/products/women-s-elegant-block-striped-loose-fit-sweater-dress-with-high-collar?pr_prod_strat=e5_desc&pr_rec_id=677def856&pr_rec_pid=8384211058986&pr_ref_pid=8806943785258&pr_seq=uniform,https://www.bigcart.us/
/products/mens-long-sleeve-t-shirt-muscle-fitted-t-shirt-gym-workout-athletic-tee?variant=45525526839594&currency=USD,https://www.bigcart.us/
/products/womens-straight-solid-color-casual-trousers,https://www.bigcart.us/
/products/womens-long-sleeve-turtleneck-open-knit-dress,https://www.bigcart.us/
/products/womens-pocket-fried-dough-twist-long-knit-cardigan?variant=46886558892330&currency=USD,https://www.bigcart.us/
/products/womens-fashion-round-neck-pullover-doll-sleeve-button-t-shirt-top?pr_prod_strat=e5_desc&pr_rec_id=096225b71&pr_rec_pid=8716803965226&pr_ref_pid=8716729712938&pr_seq=uniform,https://www.bigcart.us/
/products/womens-stretch-washed-slim-calf-jeans?variant=45536752337194&currency=USD,https://www.bigcart.us/
/products/womens-solid-color-cutout-halter-jumpsuit?pr_prod_strat=e5_desc&pr_rec_id=adbbe6f1b&pr_rec_pid=8384376832298&pr_ref_pid=8384367198506&pr_seq=uniform,https://www.bigcart.us/
/products/womens-sling-pack-hip-solid-knit-dress?pr_prod_strat=e5_desc&pr_rec_id=e35eae1c8&pr_rec_pid=8807011451178&pr_ref_pid=8807012925738&pr_seq=uniform,https://www.bigcart.us/
/products/womens-combo-color-yoga-luxe-7-8-tights,https://www.bigcart.us/
/products/mens-long-sleeve-t-shirt-muscle-fitted-t-shirt-gym-workout-athletic-tee?variant=45525527724330&currency=USD,https://www.bigcart.us/
/products/womens-high-neck-long-sleeve-skirt-knitted-dress?pr_prod_strat=e5_desc&pr_rec_id=23c66dc62&pr_rec_pid=8384213254442&pr_ref_pid=8717015449898&pr_seq=uniform,https://www.bigcart.us/
/products/womens-solid-color-cutout-halter-jumpsuit?pr_prod_strat=e5_desc&pr_rec_id=87564fc51&pr_rec_pid=8384376832298&pr_ref_pid=8384369590570&pr_seq=uniform,https://www.bigcart.us/
/products/womens-solid-color-pullover-thin-knit-v-neck-knit-top?pr_prod_strat=e5_desc&pr_rec_id=096225b71&pr_rec_pid=8716719259946&pr_ref_pid=8716729712938&pr_seq=uniform,https://www.bigcart.us/
/products/mens-summer-fashion-printed-short-sleeve-shirts-5?variant=45524655014186&currency=USD,https://www.bigcart.us/
/products/womens-fashion-loose-solid-color-halter-cotton-linen-dress?pr_prod_strat=e5_desc&pr_rec_id=f73e02aad&pr_rec_pid=8807012696362&pr_ref_pid=8384166822186&pr_seq=uniform,https://www.bigcart.us/
/products/mens-summer-fashion-printed-short-sleeve-shirts-10?variant=45524664320298&currency=USD,https://www.bigcart.us/
/products/womens-fashion-knitted-lace-v-neck-bottoming-shirt?pr_prod_strat=e5_desc&pr_rec_id=6d61f619e&pr_rec_pid=8383862538538&pr_ref_pid=8383877021994&pr_seq=uniform,https://www.bigcart.us/
/products/women-s-abstract-leopard-print-collared-button-down-blouse-with-long-sleeves?variant=45534074405162&currency=USD,https://www.bigcart.us/
/products/mens-long-sleeve-t-shirt-muscle-fitted-t-shirt-gym-workout-athletic-tee?variant=45525527626026&currency=USD,https://www.bigcart.us/
/products/womens-casual-drop-shoulder-sleeve-crew-neck-sweater-1?pr_prod_strat=e5_desc&pr_rec_id=bb89a1a0b&pr_rec_pid=8713910878506&pr_ref_pid=8384061210922&pr_seq=uniform,https://www.bigcart.us/
/products/womens-mid-length-striped-round-neck-knitted-sweater?pr_prod_strat=e5_desc&pr_rec_id=2a00cb628&pr_rec_pid=8713933979946&pr_ref_pid=8713932308778&pr_seq=uniform,https://www.bigcart.us/
/products/womens-long-sleeve-turtleneck-open-knit-dress?variant=46894803026218&currency=USD,https://www.bigcart.us/
/products/womens-zigzag-mock-neck-tie-back-crop-top?pr_prod_strat=collection_fallback&pr_rec_id=c071bba33&pr_rec_pid=8714220503338&pr_ref_pid=8714204447018&pr_seq=uniform,https://www.bigcart.us/
/products/mens-sweatshirt-hoodie-long-sleeve-t-shirt-call-of-duty-sweatshirt-face-mask?variant=45526525215018&currency=USD,https://www.bigcart.us/
/products/womens-solid-color-tie-waist-high-rise-trousers?variant=46894355480874&currency=USD,https://www.bigcart.us/
/products/mens-long-sleeve-t-shirt-muscle-fitted-t-shirt-gym-workout-athletic-tee?variant=45525527691562&currency=USD,https://www.bigcart.us/
/products/womens-casual-fried-dough-twist-long-sleeve-high-neck-navel-revealing-knitted-sweater-1?pr_prod_strat=e5_desc&pr_rec_id=80cb5f49e&pr_rec_pid=8384086212906&pr_ref_pid=8713910190378&pr_seq=uniform,https://www.bigcart.us/
/products/mens-long-sleeve-t-shirt-muscle-fitted-t-shirt-gym-workout-athletic-tee?variant=45525527757098&currency=USD,https://www.bigcart.us/
/products/new-womens-v-neck-button-chiffon-cardigan-long-sleeves?variant=46887384056106&currency=USD,https://www.bigcart.us/
/products/mens-long-sleeve-t-shirt-muscle-fitted-t-shirt-gym-workout-athletic-tee?variant=45525526937898&currency=USD,https://www.bigcart.us/
/products/womens-solid-color-side-slit-wide-leg-pants?pr_prod_strat=e5_desc&pr_rec_id=470d2bd14&pr_rec_pid=8384221511978&pr_ref_pid=8716883886378&pr_seq=uniform,https://www.bigcart.us/
/products/womens-solid-color-v-neck-shirt-top?variant=45533923442986&currency=USD,https://www.bigcart.us/
/products/womens-cross-knit-classic-long-drape-cardigan-with-ribbed-hem-and-front-pockets?pr_prod_strat=use_description&pr_rec_id=50dca7dab&pr_rec_pid=8384081625386&pr_ref_pid=8717014466858&pr_seq=uniform,https://www.bigcart.us/
/products/new-womens-v-neck-button-chiffon-cardigan-long-sleeves?variant=46887383466282&currency=USD,https://www.bigcart.us/
/products/womens-solid-color-tie-waist-straight-leg-pants?pr_prod_strat=e5_desc&pr_rec_id=fbe410d6a&pr_rec_pid=8384220627242&pr_ref_pid=8716882542890&pr_seq=uniform,https://www.bigcart.us/
/products/womens-linen-and-cotton-striped-seven-part-jumpsuit?pr_prod_strat=e5_desc&pr_rec_id=01737ba2d&pr_rec_pid=8384367198506&pr_ref_pid=8384369590570&pr_seq=uniform,https://www.bigcart.us/
